[{"pk": 1, "model": "Auctions.category", "fields": {"name": "Category1"}}, {"pk": 2, "model": "Auctions.category", "fields": {"name": "Category2"}}, {"pk": 3, "model": "Auctions.category", "fields": {"name": "Category3"}}, {"pk": 4, "model": "Auctions.category", "fields": {"name": "Category4"}}, {"pk": 5, "model": "Auctions.category", "fields": {"name": "Category5"}}, {"pk": 6, "model": "Auctions.category", "fields": {"name": "Category6"}}, {"pk": 7, "model": "Auctions.category", "fields": {"name": "Category7"}}, {"pk": 8, "model": "Auctions.category", "fields": {"name": "Category8"}}, {"pk": 9, "model": "Auctions.category", "fields": {"name": "Category9"}}, {"pk": 10, "model": "Auctions.category", "fields": {"name": "Category10"}}, {"pk": 1, "model": "Auctions.auction", "fields": {"category": 10, "status": 0, "updated": "2013-03-26T20:05:27.254Z", "description": "Description", "created": "2013-03-26T20:05:27.254Z", "banned": null, "seller": 48, "min_price": "50", "deadline": "2013-03-30T20:05:27.249Z", "name": "AuctionName1"}}, {"pk": 2, "model": "Auctions.auction", "fields": {"category": 2, "status": 0, "updated": "2013-03-26T20:05:27.337Z", "description": "Description", "created": "2013-03-26T20:05:27.337Z", "banned": null, "seller": 5, "min_price": "50", "deadline": "2013-03-26T20:05:27.333Z", "name": "AuctionName2"}}, {"pk": 3, "model": "Auctions.auction", "fields": {"category": 9, "status": 0, "updated": "2013-03-26T20:05:27.385Z", "description": "Description", "created": "2013-03-26T20:05:27.385Z", "banned": null, "seller": 36, "min_price": "50", "deadline": "2013-03-27T20:05:27.380Z", "name": "AuctionName3"}}, {"pk": 4, "model": "Auctions.auction", "fields": {"category": 7, "status": 0, "updated": "2013-03-26T20:05:27.446Z", "description": "Description", "created": "2013-03-26T20:05:27.445Z", "banned": null, "seller": 31, "min_price": "50", "deadline": "2013-03-28T20:05:27.441Z", "name": "AuctionName4"}}, {"pk": 5, "model": "Auctions.auction", "fields": {"category": 9, "status": 0, "updated": "2013-03-26T20:05:27.498Z", "description": "Description", "created": "2013-03-26T20:05:27.498Z", "banned": null, "seller": 11, "min_price": "50", "deadline": "2013-03-28T20:05:27.493Z", "name": "AuctionName5"}}, {"pk": 6, "model": "Auctions.auction", "fields": {"category": 2, "status": 0, "updated": "2013-03-26T20:05:27.551Z", "description": "Description", "created": "2013-03-26T20:05:27.551Z", "banned": null, "seller": 37, "min_price": "50", "deadline": "2013-03-29T20:05:27.546Z", "name": "AuctionName6"}}, {"pk": 7, "model": "Auctions.auction", "fields": {"category": 2, "status": 0, "updated": "2013-03-26T20:05:27.616Z", "description": "Description", "created": "2013-03-26T20:05:27.616Z", "banned": null, "seller": 43, "min_price": "50", "deadline": "2013-03-28T20:05:27.612Z", "name": "AuctionName7"}}, {"pk": 8, "model": "Auctions.auction", "fields": {"category": 8, "status": 0, "updated": "2013-03-26T20:05:27.668Z", "description": "Description", "created": "2013-03-26T20:05:27.668Z", "banned": null, "seller": 18, "min_price": "50", "deadline": "2013-03-28T20:05:27.662Z", "name": "AuctionName8"}}, {"pk": 9, "model": "Auctions.auction", "fields": {"category": 4, "status": 0, "updated": "2013-03-26T20:05:27.723Z", "description": "Description", "created": "2013-03-26T20:05:27.723Z", "banned": null, "seller": 10, "min_price": "50", "deadline": "2013-03-26T20:05:27.718Z", "name": "AuctionName9"}}, {"pk": 10, "model": "Auctions.auction", "fields": {"category": 6, "status": 0, "updated": "2013-03-26T20:05:27.795Z", "description": "Description", "created": "2013-03-26T20:05:27.795Z", "banned": null, "seller": 14, "min_price": "50", "deadline": "2013-03-29T20:05:27.789Z", "name": "AuctionName10"}}, {"pk": 11, "model": "Auctions.auction", "fields": {"category": 5, "status": 0, "updated": "2013-03-26T20:05:27.852Z", "description": "Description", "created": "2013-03-26T20:05:27.852Z", "banned": null, "seller": 4, "min_price": "50", "deadline": "2013-03-30T20:05:27.847Z", "name": "AuctionName11"}}, {"pk": 12, "model": "Auctions.auction", "fields": {"category": 10, "status": 0, "updated": "2013-03-26T20:05:27.899Z", "description": "Description", "created": "2013-03-26T20:05:27.899Z", "banned": null, "seller": 14, "min_price": "50", "deadline": "2013-03-27T20:05:27.894Z", "name": "AuctionName12"}}, {"pk": 13, "model": "Auctions.auction", "fields": {"category": 4, "status": 0, "updated": "2013-03-26T20:05:27.947Z", "description": "Description", "created": "2013-03-26T20:05:27.947Z", "banned": null, "seller": 25, "min_price": "50", "deadline": "2013-03-29T20:05:27.943Z", "name": "AuctionName13"}}, {"pk": 14, "model": "Auctions.auction", "fields": {"category": 1, "status": 0, "updated": "2013-03-26T20:05:28.005Z", "description": "Description", "created": "2013-03-26T20:05:28.005Z", "banned": null, "seller": 2, "min_price": "50", "deadline": "2013-03-28T20:05:28.000Z", "name": "AuctionName14"}}, {"pk": 15, "model": "Auctions.auction", "fields": {"category": 8, "status": 0, "updated": "2013-03-26T20:05:28.064Z", "description": "Description", "created": "2013-03-26T20:05:28.064Z", "banned": null, "seller": 21, "min_price": "50", "deadline": "2013-03-26T20:05:28.058Z", "name": "AuctionName15"}}, {"pk": 16, "model": "Auctions.auction", "fields": {"category": 4, "status": 0, "updated": "2013-03-26T20:05:28.124Z", "description": "Description", "created": "2013-03-26T20:05:28.123Z", "banned": null, "seller": 41, "min_price": "50", "deadline": "2013-03-28T20:05:28.118Z", "name": "AuctionName16"}}, {"pk": 17, "model": "Auctions.auction", "fields": {"category": 10, "status": 0, "updated": "2013-03-26T20:05:28.191Z", "description": "Description", "created": "2013-03-26T20:05:28.190Z", "banned": null, "seller": 4, "min_price": "50", "deadline": "2013-03-31T20:05:28.182Z", "name": "AuctionName17"}}, {"pk": 18, "model": "Auctions.auction", "fields": {"category": 4, "status": 0, "updated": "2013-03-26T20:05:28.255Z", "description": "Description", "created": "2013-03-26T20:05:28.254Z", "banned": null, "seller": 27, "min_price": "50", "deadline": "2013-03-28T20:05:28.248Z", "name": "AuctionName18"}}, {"pk": 19, "model": "Auctions.auction", "fields": {"category": 6, "status": 0, "updated": "2013-03-26T20:05:28.319Z", "description": "Description", "created": "2013-03-26T20:05:28.319Z", "banned": null, "seller": 9, "min_price": "50", "deadline": "2013-03-26T20:05:28.312Z", "name": "AuctionName19"}}, {"pk": 20, "model": "Auctions.auction", "fields": {"category": 6, "status": 0, "updated": "2013-03-26T20:05:28.386Z", "description": "Description", "created": "2013-03-26T20:05:28.386Z", "banned": null, "seller": 43, "min_price": "50", "deadline": "2013-03-27T20:05:28.379Z", "name": "AuctionName20"}}, {"pk": 21, "model": "Auctions.auction", "fields": {"category": 7, "status": 0, "updated": "2013-03-26T20:05:28.440Z", "description": "Description", "created": "2013-03-26T20:05:28.440Z", "banned": null, "seller": 17, "min_price": "50", "deadline": "2013-03-27T20:05:28.434Z", "name": "AuctionName21"}}, {"pk": 22, "model": "Auctions.auction", "fields": {"category": 4, "status": 0, "updated": "2013-03-26T20:05:28.489Z", "description": "Description", "created": "2013-03-26T20:05:28.489Z", "banned": null, "seller": 37, "min_price": "50", "deadline": "2013-03-31T20:05:28.484Z", "name": "AuctionName22"}}, {"pk": 23, "model": "Auctions.auction", "fields": {"category": 3, "status": 0, "updated": "2013-03-26T20:05:28.542Z", "description": "Description", "created": "2013-03-26T20:05:28.542Z", "banned": null, "seller": 41, "min_price": "50", "deadline": "2013-03-29T20:05:28.536Z", "name": "AuctionName23"}}, {"pk": 24, "model": "Auctions.auction", "fields": {"category": 6, "status": 0, "updated": "2013-03-26T20:05:28.590Z", "description": "Description", "created": "2013-03-26T20:05:28.590Z", "banned": null, "seller": 16, "min_price": "50", "deadline": "2013-03-27T20:05:28.585Z", "name": "AuctionName24"}}, {"pk": 25, "model": "Auctions.auction", "fields": {"category": 6, "status": 0, "updated": "2013-03-26T20:05:28.637Z", "description": "Description", "created": "2013-03-26T20:05:28.636Z", "banned": null, "seller": 49, "min_price": "50", "deadline": "2013-03-30T20:05:28.632Z", "name": "AuctionName25"}}, {"pk": 26, "model": "Auctions.auction", "fields": {"category": 2, "status": 0, "updated": "2013-03-26T20:05:28.682Z", "description": "Description", "created": "2013-03-26T20:05:28.682Z", "banned": null, "seller": 28, "min_price": "50", "deadline": "2013-03-26T20:05:28.677Z", "name": "AuctionName26"}}, {"pk": 27, "model": "Auctions.auction", "fields": {"category": 7, "status": 0, "updated": "2013-03-26T20:05:28.727Z", "description": "Description", "created": "2013-03-26T20:05:28.727Z", "banned": null, "seller": 38, "min_price": "50", "deadline": "2013-03-28T20:05:28.723Z", "name": "AuctionName27"}}, {"pk": 28, "model": "Auctions.auction", "fields": {"category": 8, "status": 0, "updated": "2013-03-26T20:05:28.777Z", "description": "Description", "created": "2013-03-26T20:05:28.777Z", "banned": null, "seller": 32, "min_price": "50", "deadline": "2013-03-29T20:05:28.773Z", "name": "AuctionName28"}}, {"pk": 29, "model": "Auctions.auction", "fields": {"category": 5, "status": 0, "updated": "2013-03-26T20:05:28.833Z", "description": "Description", "created": "2013-03-26T20:05:28.833Z", "banned": null, "seller": 21, "min_price": "50", "deadline": "2013-03-31T20:05:28.827Z", "name": "AuctionName29"}}, {"pk": 30, "model": "Auctions.auction", "fields": {"category": 8, "status": 0, "updated": "2013-03-26T20:05:28.877Z", "description": "Description", "created": "2013-03-26T20:05:28.877Z", "banned": null, "seller": 7, "min_price": "50", "deadline": "2013-03-27T20:05:28.873Z", "name": "AuctionName30"}}, {"pk": 31, "model": "Auctions.auction", "fields": {"category": 9, "status": 0, "updated": "2013-03-26T20:05:28.930Z", "description": "Description", "created": "2013-03-26T20:05:28.930Z", "banned": null, "seller": 41, "min_price": "50", "deadline": "2013-03-26T20:05:28.925Z", "name": "AuctionName31"}}, {"pk": 32, "model": "Auctions.auction", "fields": {"category": 5, "status": 0, "updated": "2013-03-26T20:05:28.980Z", "description": "Description", "created": "2013-03-26T20:05:28.980Z", "banned": null, "seller": 37, "min_price": "50", "deadline": "2013-03-31T20:05:28.973Z", "name": "AuctionName32"}}, {"pk": 33, "model": "Auctions.auction", "fields": {"category": 1, "status": 0, "updated": "2013-03-26T20:05:29.035Z", "description": "Description", "created": "2013-03-26T20:05:29.034Z", "banned": null, "seller": 27, "min_price": "50", "deadline": "2013-03-26T20:05:29.029Z", "name": "AuctionName33"}}, {"pk": 34, "model": "Auctions.auction", "fields": {"category": 4, "status": 0, "updated": "2013-03-26T20:05:29.081Z", "description": "Description", "created": "2013-03-26T20:05:29.081Z", "banned": null, "seller": 17, "min_price": "50", "deadline": "2013-03-28T20:05:29.076Z", "name": "AuctionName34"}}, {"pk": 35, "model": "Auctions.auction", "fields": {"category": 1, "status": 0, "updated": "2013-03-26T20:05:29.128Z", "description": "Description", "created": "2013-03-26T20:05:29.128Z", "banned": null, "seller": 8, "min_price": "50", "deadline": "2013-03-30T20:05:29.124Z", "name": "AuctionName35"}}, {"pk": 36, "model": "Auctions.auction", "fields": {"category": 5, "status": 0, "updated": "2013-03-26T20:05:29.173Z", "description": "Description", "created": "2013-03-26T20:05:29.173Z", "banned": null, "seller": 47, "min_price": "50", "deadline": "2013-03-30T20:05:29.169Z", "name": "AuctionName36"}}, {"pk": 37, "model": "Auctions.auction", "fields": {"category": 4, "status": 0, "updated": "2013-03-26T20:05:29.221Z", "description": "Description", "created": "2013-03-26T20:05:29.221Z", "banned": null, "seller": 48, "min_price": "50", "deadline": "2013-03-28T20:05:29.216Z", "name": "AuctionName37"}}, {"pk": 38, "model": "Auctions.auction", "fields": {"category": 1, "status": 0, "updated": "2013-03-26T20:05:29.276Z", "description": "Description", "created": "2013-03-26T20:05:29.276Z", "banned": null, "seller": 46, "min_price": "50", "deadline": "2013-03-28T20:05:29.271Z", "name": "AuctionName38"}}, {"pk": 39, "model": "Auctions.auction", "fields": {"category": 7, "status": 0, "updated": "2013-03-26T20:05:29.326Z", "description": "Description", "created": "2013-03-26T20:05:29.325Z", "banned": null, "seller": 28, "min_price": "50", "deadline": "2013-03-31T20:05:29.320Z", "name": "AuctionName39"}}, {"pk": 40, "model": "Auctions.auction", "fields": {"category": 9, "status": 0, "updated": "2013-03-26T20:05:29.379Z", "description": "Description", "created": "2013-03-26T20:05:29.378Z", "banned": null, "seller": 23, "min_price": "50", "deadline": "2013-03-27T20:05:29.373Z", "name": "AuctionName40"}}, {"pk": 41, "model": "Auctions.auction", "fields": {"category": 6, "status": 0, "updated": "2013-03-26T20:05:29.450Z", "description": "Description", "created": "2013-03-26T20:05:29.450Z", "banned": null, "seller": 32, "min_price": "50", "deadline": "2013-03-30T20:05:29.445Z", "name": "AuctionName41"}}, {"pk": 42, "model": "Auctions.auction", "fields": {"category": 2, "status": 0, "updated": "2013-03-26T20:05:29.511Z", "description": "Description", "created": "2013-03-26T20:05:29.511Z", "banned": null, "seller": 15, "min_price": "50", "deadline": "2013-03-27T20:05:29.506Z", "name": "AuctionName42"}}, {"pk": 43, "model": "Auctions.auction", "fields": {"category": 1, "status": 0, "updated": "2013-03-26T20:05:29.561Z", "description": "Description", "created": "2013-03-26T20:05:29.561Z", "banned": null, "seller": 49, "min_price": "50", "deadline": "2013-03-27T20:05:29.554Z", "name": "AuctionName43"}}, {"pk": 44, "model": "Auctions.auction", "fields": {"category": 7, "status": 0, "updated": "2013-03-26T20:05:29.606Z", "description": "Description", "created": "2013-03-26T20:05:29.606Z", "banned": null, "seller": 46, "min_price": "50", "deadline": "2013-03-28T20:05:29.601Z", "name": "AuctionName44"}}, {"pk": 45, "model": "Auctions.auction", "fields": {"category": 6, "status": 0, "updated": "2013-03-26T20:05:29.657Z", "description": "Description", "created": "2013-03-26T20:05:29.657Z", "banned": null, "seller": 13, "min_price": "50", "deadline": "2013-03-30T20:05:29.651Z", "name": "AuctionName45"}}, {"pk": 46, "model": "Auctions.auction", "fields": {"category": 6, "status": 0, "updated": "2013-03-26T20:05:29.713Z", "description": "Description", "created": "2013-03-26T20:05:29.712Z", "banned": null, "seller": 34, "min_price": "50", "deadline": "2013-03-31T20:05:29.707Z", "name": "AuctionName46"}}, {"pk": 47, "model": "Auctions.auction", "fields": {"category": 3, "status": 0, "updated": "2013-03-26T20:05:29.762Z", "description": "Description", "created": "2013-03-26T20:05:29.761Z", "banned": null, "seller": 47, "min_price": "50", "deadline": "2013-03-31T20:05:29.756Z", "name": "AuctionName47"}}, {"pk": 48, "model": "Auctions.auction", "fields": {"category": 10, "status": 0, "updated": "2013-03-26T20:05:29.812Z", "description": "Description", "created": "2013-03-26T20:05:29.811Z", "banned": null, "seller": 7, "min_price": "50", "deadline": "2013-03-30T20:05:29.803Z", "name": "AuctionName48"}}, {"pk": 49, "model": "Auctions.auction", "fields": {"category": 7, "status": 0, "updated": "2013-03-26T20:05:29.865Z", "description": "Description", "created": "2013-03-26T20:05:29.865Z", "banned": null, "seller": 19, "min_price": "50", "deadline": "2013-03-30T20:05:29.860Z", "name": "AuctionName49"}}, {"pk": 50, "model": "Auctions.auction", "fields": {"category": 5, "status": 0, "updated": "2013-03-26T20:05:29.927Z", "description": "Description", "created": "2013-03-26T20:05:29.926Z", "banned": null, "seller": 28, "min_price": "50", "deadline": "2013-03-27T20:05:29.921Z", "name": "AuctionName50"}}, {"pk": 1, "model": "Auctions.bid", "fields": {"auction": 1, "bid": "535", "user": 9, "created": "2013-03-26T20:05:27.294Z"}}, {"pk": 2, "model": "Auctions.bid", "fields": {"auction": 1, "bid": "824", "user": 17, "created": "2013-03-26T20:05:27.320Z"}}, {"pk": 3, "model": "Auctions.bid", "fields": {"auction": 2, "bid": "931", "user": 39, "created": "2013-03-26T20:05:27.355Z"}}, {"pk": 4, "model": "Auctions.bid", "fields": {"auction": 2, "bid": "518", "user": 5, "created": "2013-03-26T20:05:27.370Z"}}, {"pk": 5, "model": "Auctions.bid", "fields": {"auction": 2, "bid": "920", "user": 25, "created": "2013-03-26T20:05:27.407Z"}}, {"pk": 6, "model": "Auctions.bid", "fields": {"auction": 3, "bid": "716", "user": 36, "created": "2013-03-26T20:05:27.429Z"}}, {"pk": 7, "model": "Auctions.bid", "fields": {"auction": 2, "bid": "265", "user": 22, "created": "2013-03-26T20:05:27.463Z"}}, {"pk": 8, "model": "Auctions.bid", "fields": {"auction": 1, "bid": "243", "user": 49, "created": "2013-03-26T20:05:27.480Z"}}, {"pk": 9, "model": "Auctions.bid", "fields": {"auction": 4, "bid": "438", "user": 20, "created": "2013-03-26T20:05:27.517Z"}}, {"pk": 10, "model": "Auctions.bid", "fields": {"auction": 1, "bid": "250", "user": 23, "created": "2013-03-26T20:05:27.536Z"}}, {"pk": 11, "model": "Auctions.bid", "fields": {"auction": 6, "bid": "919", "user": 14, "created": "2013-03-26T20:05:27.576Z"}}, {"pk": 12, "model": "Auctions.bid", "fields": {"auction": 1, "bid": "371", "user": 17, "created": "2013-03-26T20:05:27.596Z"}}, {"pk": 13, "model": "Auctions.bid", "fields": {"auction": 7, "bid": "570", "user": 45, "created": "2013-03-26T20:05:27.633Z"}}, {"pk": 14, "model": "Auctions.bid", "fields": {"auction": 3, "bid": "713", "user": 19, "created": "2013-03-26T20:05:27.652Z"}}, {"pk": 15, "model": "Auctions.bid", "fields": {"auction": 6, "bid": "793", "user": 7, "created": "2013-03-26T20:05:27.688Z"}}, {"pk": 16, "model": "Auctions.bid", "fields": {"auction": 7, "bid": "868", "user": 36, "created": "2013-03-26T20:05:27.707Z"}}, {"pk": 17, "model": "Auctions.bid", "fields": {"auction": 5, "bid": "443", "user": 9, "created": "2013-03-26T20:05:27.746Z"}}, {"pk": 18, "model": "Auctions.bid", "fields": {"auction": 2, "bid": "964", "user": 26, "created": "2013-03-26T20:05:27.773Z"}}, {"pk": 19, "model": "Auctions.bid", "fields": {"auction": 6, "bid": "433", "user": 11, "created": "2013-03-26T20:05:27.817Z"}}, {"pk": 20, "model": "Auctions.bid", "fields": {"auction": 8, "bid": "409", "user": 29, "created": "2013-03-26T20:05:27.832Z"}}, {"pk": 21, "model": "Auctions.bid", "fields": {"auction": 7, "bid": "725", "user": 23, "created": "2013-03-26T20:05:27.868Z"}}, {"pk": 22, "model": "Auctions.bid", "fields": {"auction": 5, "bid": "94", "user": 33, "created": "2013-03-26T20:05:27.884Z"}}, {"pk": 23, "model": "Auctions.bid", "fields": {"auction": 11, "bid": "844", "user": 50, "created": "2013-03-26T20:05:27.915Z"}}, {"pk": 24, "model": "Auctions.bid", "fields": {"auction": 12, "bid": "329", "user": 30, "created": "2013-03-26T20:05:27.932Z"}}, {"pk": 25, "model": "Auctions.bid", "fields": {"auction": 6, "bid": "921", "user": 51, "created": "2013-03-26T20:05:27.964Z"}}, {"pk": 26, "model": "Auctions.bid", "fields": {"auction": 3, "bid": "853", "user": 41, "created": "2013-03-26T20:05:27.983Z"}}, {"pk": 27, "model": "Auctions.bid", "fields": {"auction": 5, "bid": "608", "user": 6, "created": "2013-03-26T20:05:28.026Z"}}, {"pk": 28, "model": "Auctions.bid", "fields": {"auction": 2, "bid": "114", "user": 29, "created": "2013-03-26T20:05:28.046Z"}}, {"pk": 29, "model": "Auctions.bid", "fields": {"auction": 12, "bid": "693", "user": 33, "created": "2013-03-26T20:05:28.086Z"}}, {"pk": 30, "model": "Auctions.bid", "fields": {"auction": 8, "bid": "587", "user": 23, "created": "2013-03-26T20:05:28.106Z"}}, {"pk": 31, "model": "Auctions.bid", "fields": {"auction": 10, "bid": "560", "user": 25, "created": "2013-03-26T20:05:28.146Z"}}, {"pk": 32, "model": "Auctions.bid", "fields": {"auction": 9, "bid": "846", "user": 20, "created": "2013-03-26T20:05:28.166Z"}}, {"pk": 33, "model": "Auctions.bid", "fields": {"auction": 8, "bid": "641", "user": 22, "created": "2013-03-26T20:05:28.213Z"}}, {"pk": 34, "model": "Auctions.bid", "fields": {"auction": 9, "bid": "530", "user": 34, "created": "2013-03-26T20:05:28.232Z"}}, {"pk": 35, "model": "Auctions.bid", "fields": {"auction": 17, "bid": "410", "user": 15, "created": "2013-03-26T20:05:28.273Z"}}, {"pk": 36, "model": "Auctions.bid", "fields": {"auction": 14, "bid": "660", "user": 4, "created": "2013-03-26T20:05:28.296Z"}}, {"pk": 37, "model": "Auctions.bid", "fields": {"auction": 10, "bid": "946", "user": 41, "created": "2013-03-26T20:05:28.343Z"}}, {"pk": 38, "model": "Auctions.bid", "fields": {"auction": 2, "bid": "885", "user": 51, "created": "2013-03-26T20:05:28.362Z"}}, {"pk": 39, "model": "Auctions.bid", "fields": {"auction": 17, "bid": "240", "user": 3, "created": "2013-03-26T20:05:28.406Z"}}, {"pk": 40, "model": "Auctions.bid", "fields": {"auction": 12, "bid": "207", "user": 9, "created": "2013-03-26T20:05:28.423Z"}}, {"pk": 41, "model": "Auctions.bid", "fields": {"auction": 16, "bid": "361", "user": 10, "created": "2013-03-26T20:05:28.460Z"}}, {"pk": 42, "model": "Auctions.bid", "fields": {"auction": 1, "bid": "383", "user": 17, "created": "2013-03-26T20:05:28.474Z"}}, {"pk": 43, "model": "Auctions.bid", "fields": {"auction": 21, "bid": "854", "user": 36, "created": "2013-03-26T20:05:28.509Z"}}, {"pk": 44, "model": "Auctions.bid", "fields": {"auction": 19, "bid": "808", "user": 26, "created": "2013-03-26T20:05:28.524Z"}}, {"pk": 45, "model": "Auctions.bid", "fields": {"auction": 6, "bid": "627", "user": 48, "created": "2013-03-26T20:05:28.559Z"}}, {"pk": 46, "model": "Auctions.bid", "fields": {"auction": 18, "bid": "983", "user": 4, "created": "2013-03-26T20:05:28.574Z"}}, {"pk": 47, "model": "Auctions.bid", "fields": {"auction": 19, "bid": "181", "user": 18, "created": "2013-03-26T20:05:28.607Z"}}, {"pk": 48, "model": "Auctions.bid", "fields": {"auction": 18, "bid": "791", "user": 14, "created": "2013-03-26T20:05:28.621Z"}}, {"pk": 49, "model": "Auctions.bid", "fields": {"auction": 24, "bid": "662", "user": 33, "created": "2013-03-26T20:05:28.653Z"}}, {"pk": 50, "model": "Auctions.bid", "fields": {"auction": 22, "bid": "226", "user": 16, "created": "2013-03-26T20:05:28.668Z"}}, {"pk": 51, "model": "Auctions.bid", "fields": {"auction": 13, "bid": "977", "user": 48, "created": "2013-03-26T20:05:28.698Z"}}, {"pk": 52, "model": "Auctions.bid", "fields": {"auction": 14, "bid": "855", "user": 19, "created": "2013-03-26T20:05:28.713Z"}}, {"pk": 53, "model": "Auctions.bid", "fields": {"auction": 14, "bid": "820", "user": 19, "created": "2013-03-26T20:05:28.744Z"}}, {"pk": 54, "model": "Auctions.bid", "fields": {"auction": 24, "bid": "770", "user": 43, "created": "2013-03-26T20:05:28.760Z"}}, {"pk": 55, "model": "Auctions.bid", "fields": {"auction": 9, "bid": "926", "user": 23, "created": "2013-03-26T20:05:28.796Z"}}, {"pk": 56, "model": "Auctions.bid", "fields": {"auction": 4, "bid": "962", "user": 20, "created": "2013-03-26T20:05:28.815Z"}}, {"pk": 57, "model": "Auctions.bid", "fields": {"auction": 2, "bid": "699", "user": 21, "created": "2013-03-26T20:05:28.850Z"}}, {"pk": 58, "model": "Auctions.bid", "fields": {"auction": 27, "bid": "361", "user": 50, "created": "2013-03-26T20:05:28.864Z"}}, {"pk": 59, "model": "Auctions.bid", "fields": {"auction": 8, "bid": "283", "user": 22, "created": "2013-03-26T20:05:28.894Z"}}, {"pk": 60, "model": "Auctions.bid", "fields": {"auction": 12, "bid": "120", "user": 42, "created": "2013-03-26T20:05:28.915Z"}}, {"pk": 61, "model": "Auctions.bid", "fields": {"auction": 12, "bid": "720", "user": 8, "created": "2013-03-26T20:05:28.947Z"}}, {"pk": 62, "model": "Auctions.bid", "fields": {"auction": 3, "bid": "613", "user": 48, "created": "2013-03-26T20:05:28.962Z"}}, {"pk": 63, "model": "Auctions.bid", "fields": {"auction": 30, "bid": "378", "user": 20, "created": "2013-03-26T20:05:29.000Z"}}, {"pk": 64, "model": "Auctions.bid", "fields": {"auction": 17, "bid": "89", "user": 22, "created": "2013-03-26T20:05:29.017Z"}}, {"pk": 65, "model": "Auctions.bid", "fields": {"auction": 22, "bid": "236", "user": 46, "created": "2013-03-26T20:05:29.052Z"}}, {"pk": 66, "model": "Auctions.bid", "fields": {"auction": 15, "bid": "912", "user": 11, "created": "2013-03-26T20:05:29.067Z"}}, {"pk": 67, "model": "Auctions.bid", "fields": {"auction": 32, "bid": "812", "user": 8, "created": "2013-03-26T20:05:29.098Z"}}, {"pk": 68, "model": "Auctions.bid", "fields": {"auction": 33, "bid": "969", "user": 28, "created": "2013-03-26T20:05:29.114Z"}}, {"pk": 69, "model": "Auctions.bid", "fields": {"auction": 25, "bid": "407", "user": 41, "created": "2013-03-26T20:05:29.144Z"}}, {"pk": 70, "model": "Auctions.bid", "fields": {"auction": 5, "bid": "931", "user": 20, "created": "2013-03-26T20:05:29.159Z"}}, {"pk": 71, "model": "Auctions.bid", "fields": {"auction": 4, "bid": "520", "user": 18, "created": "2013-03-26T20:05:29.190Z"}}, {"pk": 72, "model": "Auctions.bid", "fields": {"auction": 30, "bid": "633", "user": 29, "created": "2013-03-26T20:05:29.206Z"}}, {"pk": 73, "model": "Auctions.bid", "fields": {"auction": 22, "bid": "376", "user": 31, "created": "2013-03-26T20:05:29.242Z"}}, {"pk": 74, "model": "Auctions.bid", "fields": {"auction": 15, "bid": "358", "user": 3, "created": "2013-03-26T20:05:29.260Z"}}, {"pk": 75, "model": "Auctions.bid", "fields": {"auction": 38, "bid": "136", "user": 50, "created": "2013-03-26T20:05:29.295Z"}}, {"pk": 76, "model": "Auctions.bid", "fields": {"auction": 22, "bid": "808", "user": 35, "created": "2013-03-26T20:05:29.310Z"}}, {"pk": 77, "model": "Auctions.bid", "fields": {"auction": 24, "bid": "426", "user": 32, "created": "2013-03-26T20:05:29.348Z"}}, {"pk": 78, "model": "Auctions.bid", "fields": {"auction": 30, "bid": "685", "user": 32, "created": "2013-03-26T20:05:29.362Z"}}, {"pk": 79, "model": "Auctions.bid", "fields": {"auction": 26, "bid": "141", "user": 9, "created": "2013-03-26T20:05:29.400Z"}}, {"pk": 80, "model": "Auctions.bid", "fields": {"auction": 28, "bid": "563", "user": 48, "created": "2013-03-26T20:05:29.432Z"}}, {"pk": 81, "model": "Auctions.bid", "fields": {"auction": 32, "bid": "487", "user": 6, "created": "2013-03-26T20:05:29.473Z"}}, {"pk": 82, "model": "Auctions.bid", "fields": {"auction": 21, "bid": "781", "user": 25, "created": "2013-03-26T20:05:29.496Z"}}, {"pk": 83, "model": "Auctions.bid", "fields": {"auction": 26, "bid": "386", "user": 26, "created": "2013-03-26T20:05:29.528Z"}}, {"pk": 84, "model": "Auctions.bid", "fields": {"auction": 33, "bid": "353", "user": 18, "created": "2013-03-26T20:05:29.543Z"}}, {"pk": 85, "model": "Auctions.bid", "fields": {"auction": 18, "bid": "178", "user": 4, "created": "2013-03-26T20:05:29.577Z"}}, {"pk": 86, "model": "Auctions.bid", "fields": {"auction": 40, "bid": "163", "user": 49, "created": "2013-03-26T20:05:29.591Z"}}, {"pk": 87, "model": "Auctions.bid", "fields": {"auction": 29, "bid": "730", "user": 45, "created": "2013-03-26T20:05:29.627Z"}}, {"pk": 88, "model": "Auctions.bid", "fields": {"auction": 12, "bid": "357", "user": 5, "created": "2013-03-26T20:05:29.641Z"}}, {"pk": 89, "model": "Auctions.bid", "fields": {"auction": 38, "bid": "695", "user": 51, "created": "2013-03-26T20:05:29.676Z"}}, {"pk": 90, "model": "Auctions.bid", "fields": {"auction": 40, "bid": "750", "user": 30, "created": "2013-03-26T20:05:29.695Z"}}, {"pk": 91, "model": "Auctions.bid", "fields": {"auction": 26, "bid": "265", "user": 4, "created": "2013-03-26T20:05:29.729Z"}}, {"pk": 92, "model": "Auctions.bid", "fields": {"auction": 13, "bid": "465", "user": 14, "created": "2013-03-26T20:05:29.745Z"}}, {"pk": 93, "model": "Auctions.bid", "fields": {"auction": 38, "bid": "454", "user": 42, "created": "2013-03-26T20:05:29.778Z"}}, {"pk": 94, "model": "Auctions.bid", "fields": {"auction": 35, "bid": "351", "user": 45, "created": "2013-03-26T20:05:29.792Z"}}, {"pk": 95, "model": "Auctions.bid", "fields": {"auction": 40, "bid": "854", "user": 12, "created": "2013-03-26T20:05:29.835Z"}}, {"pk": 96, "model": "Auctions.bid", "fields": {"auction": 24, "bid": "330", "user": 19, "created": "2013-03-26T20:05:29.851Z"}}, {"pk": 97, "model": "Auctions.bid", "fields": {"auction": 43, "bid": "996", "user": 42, "created": "2013-03-26T20:05:29.884Z"}}, {"pk": 98, "model": "Auctions.bid", "fields": {"auction": 44, "bid": "183", "user": 22, "created": "2013-03-26T20:05:29.908Z"}}, {"pk": 99, "model": "Auctions.bid", "fields": {"auction": 48, "bid": "253", "user": 36, "created": "2013-03-26T20:05:29.944Z"}}, {"pk": 100, "model": "Auctions.bid", "fields": {"auction": 44, "bid": "86", "user": 30, "created": "2013-03-26T20:05:29.963Z"}},{"pk": 1, "model": "auth.user", "fields": {"username": "eaura", "first_name": "", "last_name": "", "is_active": true, "is_superuser": true, "is_staff": true, "last_login": "2013-03-26T20:04:38.337Z", "groups": [], "user_permissions": [], "password": "pbkdf2_sha256$10000$UNYSiN5CWiUh$CMD8+t0ZOy/3syv1ZVYzVB2bBcy4M/hNFDN8Bl7iTEA=", "email": "eaura@abo.fi", "date_joined": "2013-03-26T20:04:38.337Z"}}, {"pk": 2, "model": "auth.user", "fields": {"username": "test1", "first_name": "FirstName1", "last_name": "LastName1", "is_active": true, "is_superuser": false, "is_staff": false, "last_login": "2013-03-26T20:05:00.818Z", "groups": [], "user_permissions": [], "password": "pbkdf2_sha256$10000$1G1haLIySIOD$Ptc8iVsmgAZ0Az7apH629JEl4mx8ZrMg1Msp92ngKSc=", "email": "email1@test.com", "date_joined": "2013-03-26T20:05:00.819Z"}}, {"pk": 3, "model": "auth.user", "fields": {"username": "test2", "first_name": "FirstName2", "last_name": "LastName2", "is_active": true, "is_superuser": false, "is_staff": false, "last_login": "2013-03-26T20:05:01.331Z", "groups": [], "user_permissions": [], "password": "pbkdf2_sha256$10000$AhP5s2ncnRI0$hj1t7WREBrnPzg1c8HpQz5Lqt5TGIbo9tn71ezIvivw=", "email": "email2@test.com", "date_joined": "2013-03-26T20:05:01.331Z"}}, {"pk": 4, "model": "auth.user", "fields": {"username": "test3", "first_name": "FirstName3", "last_name": "LastName3", "is_active": true, "is_superuser": false, "is_staff": false, "last_login": "2013-03-26T20:05:01.852Z", "groups": [], "user_permissions": [], "password": "pbkdf2_sha256$10000$LYPmvFULVveI$k6RNoTdgMXTG08YO4hy7cYe9xx8PbZzeZxjExeDPGog=", "email": "email3@test.com", "date_joined": "2013-03-26T20:05:01.852Z"}}, {"pk": 5, "model": "auth.user", "fields": {"username": "test4", "first_name": "FirstName4", "last_name": "LastName4", "is_active": true, "is_superuser": false, "is_staff": false, "last_login": "2013-03-26T20:05:02.403Z", "groups": [], "user_permissions": [], "password": "pbkdf2_sha256$10000$nuxthLGszxNw$uDHvth1vCCjQ12iedz9IATpnWc+X81ZZGZn6fwe30zU=", "email": "email4@test.com", "date_joined": "2013-03-26T20:05:02.404Z"}}, {"pk": 6, "model": "auth.user", "fields": {"username": "test5", "first_name": "FirstName5", "last_name": "LastName5", "is_active": true, "is_superuser": false, "is_staff": false, "last_login": "2013-03-26T20:05:02.913Z", "groups": [], "user_permissions": [], "password": "pbkdf2_sha256$10000$dByRDjF1BLWa$91bg+4Qf1qtEg3MFYgBqvPb75BHCeixooqRL1x5XZ70=", "email": "email5@test.com", "date_joined": "2013-03-26T20:05:02.913Z"}}, {"pk": 7, "model": "auth.user", "fields": {"username": "test6", "first_name": "FirstName6", "last_name": "LastName6", "is_active": true, "is_superuser": false, "is_staff": false, "last_login": "2013-03-26T20:05:03.435Z", "groups": [], "user_permissions": [], "password": "pbkdf2_sha256$10000$OAuYJbuHQFxp$7Kc9vJQ3sT8faZWkGr2EN6Qlw54hJhsrJl84Gjkwhds=", "email": "email6@test.com", "date_joined": "2013-03-26T20:05:03.435Z"}}, {"pk": 8, "model": "auth.user", "fields": {"username": "test7", "first_name": "FirstName7", "last_name": "LastName7", "is_active": true, "is_superuser": false, "is_staff": false, "last_login": "2013-03-26T20:05:03.986Z", "groups": [], "user_permissions": [], "password": "pbkdf2_sha256$10000$H3IEEmdUHapH$+ez/mOzRz3QI0LRjK7eumPyMkFmkDQ0riXnCLU8zKe0=", "email": "email7@test.com", "date_joined": "2013-03-26T20:05:03.986Z"}}, {"pk": 9, "model": "auth.user", "fields": {"username": "test8", "first_name": "FirstName8", "last_name": "LastName8", "is_active": true, "is_superuser": false, "is_staff": false, "last_login": "2013-03-26T20:05:04.506Z", "groups": [], "user_permissions": [], "password": "pbkdf2_sha256$10000$wnADr45SZZx8$iTixF/AAKc9zo/Rg9GCEFGBgf+ocfsufM9raypmuECE=", "email": "email8@test.com", "date_joined": "2013-03-26T20:05:04.507Z"}}, {"pk": 10, "model": "auth.user", "fields": {"username": "test9", "first_name": "FirstName9", "last_name": "LastName9", "is_active": true, "is_superuser": false, "is_staff": false, "last_login": "2013-03-26T20:05:05.017Z", "groups": [], "user_permissions": [], "password": "pbkdf2_sha256$10000$7EBB6kHe3bV6$72q/tIhIdzmlOOvv0xO9NsapW6oY+6D1LwKznGGnC7U=", "email": "email9@test.com", "date_joined": "2013-03-26T20:05:05.018Z"}}, {"pk": 11, "model": "auth.user", "fields": {"username": "test10", "first_name": "FirstName10", "last_name": "LastName10", "is_active": true, "is_superuser": false, "is_staff": false, "last_login": "2013-03-26T20:05:05.589Z", "groups": [], "user_permissions": [], "password": "pbkdf2_sha256$10000$ytnbJtLihZor$jK06BLgcCkv+ey722c88/uWQf7NV5SO1enSL35E35Tc=", "email": "email10@test.com", "date_joined": "2013-03-26T20:05:05.589Z"}}, {"pk": 12, "model": "auth.user", "fields": {"username": "test11", "first_name": "FirstName11", "last_name": "LastName11", "is_active": true, "is_superuser": false, "is_staff": false, "last_login": "2013-03-26T20:05:06.092Z", "groups": [], "user_permissions": [], "password": "pbkdf2_sha256$10000$iiuAIKL5Jxlu$Sqy7ZpsUvOWijNycF/F5xTmgUOfqiF6lvXxaTLuqYsM=", "email": "email11@test.com", "date_joined": "2013-03-26T20:05:06.093Z"}}, {"pk": 13, "model": "auth.user", "fields": {"username": "test12", "first_name": "FirstName12", "last_name": "LastName12", "is_active": true, "is_superuser": false, "is_staff": false, "last_login": "2013-03-26T20:05:06.619Z", "groups": [], "user_permissions": [], "password": "pbkdf2_sha256$10000$vI7tYRef1AAU$fvDzb08apP1wooVXIxNw4IKXc8pTC5vBRZ/qPCAtk7Q=", "email": "email12@test.com", "date_joined": "2013-03-26T20:05:06.620Z"}}, {"pk": 14, "model": "auth.user", "fields": {"username": "test13", "first_name": "FirstName13", "last_name": "LastName13", "is_active": true, "is_superuser": false, "is_staff": false, "last_login": "2013-03-26T20:05:07.175Z", "groups": [], "user_permissions": [], "password": "pbkdf2_sha256$10000$PS5e3jJiaP4S$Y9APSsZApmgkeQzN03dXVi6Qf5Ummyn4Wplfkd7qFFk=", "email": "email13@test.com", "date_joined": "2013-03-26T20:05:07.176Z"}}, {"pk": 15, "model": "auth.user", "fields": {"username": "test14", "first_name": "FirstName14", "last_name": "LastName14", "is_active": true, "is_superuser": false, "is_staff": false, "last_login": "2013-03-26T20:05:07.683Z", "groups": [], "user_permissions": [], "password": "pbkdf2_sha256$10000$5L4m71QpQfKS$L6n/xzom4SJWi3VCkrFpWp5A+yKf/UOQ3gx2B1KoIk8=", "email": "email14@test.com", "date_joined": "2013-03-26T20:05:07.684Z"}}, {"pk": 16, "model": "auth.user", "fields": {"username": "test15", "first_name": "FirstName15", "last_name": "LastName15", "is_active": true, "is_superuser": false, "is_staff": false, "last_login": "2013-03-26T20:05:08.205Z", "groups": [], "user_permissions": [], "password": "pbkdf2_sha256$10000$PoeolwEktoWA$zmKvx/sjeq4T5TarAKOUdw2P+R0BBKaWLacA8emIEgk=", "email": "email15@test.com", "date_joined": "2013-03-26T20:05:08.205Z"}}, {"pk": 17, "model": "auth.user", "fields": {"username": "test16", "first_name": "FirstName16", "last_name": "LastName16", "is_active": true, "is_superuser": false, "is_staff": false, "last_login": "2013-03-26T20:05:08.757Z", "groups": [], "user_permissions": [], "password": "pbkdf2_sha256$10000$AvSWk6duhXSx$YQNfHA+UuSx6iqCASfVzyyaDa74RVH++kpWI1r/5sr0=", "email": "email16@test.com", "date_joined": "2013-03-26T20:05:08.758Z"}}, {"pk": 18, "model": "auth.user", "fields": {"username": "test17", "first_name": "FirstName17", "last_name": "LastName17", "is_active": true, "is_superuser": false, "is_staff": false, "last_login": "2013-03-26T20:05:09.261Z", "groups": [], "user_permissions": [], "password": "pbkdf2_sha256$10000$0b5enZ0JtUmL$HCK4CIXE1YYuldx4XEwxa7+qEvRtw/EXS7E/FbDEdRo=", "email": "email17@test.com", "date_joined": "2013-03-26T20:05:09.262Z"}}, {"pk": 19, "model": "auth.user", "fields": {"username": "test18", "first_name": "FirstName18", "last_name": "LastName18", "is_active": true, "is_superuser": false, "is_staff": false, "last_login": "2013-03-26T20:05:09.747Z", "groups": [], "user_permissions": [], "password": "pbkdf2_sha256$10000$EDNJfklx1Tkd$RVTr94bUhunLxWHQUwMOhb0UeUFRN72SFwxdFIFx6xw=", "email": "email18@test.com", "date_joined": "2013-03-26T20:05:09.748Z"}}, {"pk": 20, "model": "auth.user", "fields": {"username": "test19", "first_name": "FirstName19", "last_name": "LastName19", "is_active": true, "is_superuser": false, "is_staff": false, "last_login": "2013-03-26T20:05:10.330Z", "groups": [], "user_permissions": [], "password": "pbkdf2_sha256$10000$GspuXTTfGEZr$j881o3sQNHZaCrtA+wdGe5SRMZnC5WQ8uUH6uiRsn6c=", "email": "email19@test.com", "date_joined": "2013-03-26T20:05:10.331Z"}}, {"pk": 21, "model": "auth.user", "fields": {"username": "test20", "first_name": "FirstName20", "last_name": "LastName20", "is_active": true, "is_superuser": false, "is_staff": false, "last_login": "2013-03-26T20:05:10.845Z", "groups": [], "user_permissions": [], "password": "pbkdf2_sha256$10000$DfsqyxYSAftk$WGx72m5I3xrgqmwG/azn8tPSvs+TAvz+oOVvW8nqaAA=", "email": "email20@test.com", "date_joined": "2013-03-26T20:05:10.846Z"}}, {"pk": 22, "model": "auth.user", "fields": {"username": "test21", "first_name": "FirstName21", "last_name": "LastName21", "is_active": true, "is_superuser": false, "is_staff": false, "last_login": "2013-03-26T20:05:11.363Z", "groups": [], "user_permissions": [], "password": "pbkdf2_sha256$10000$S4R1o6IYXsoO$GutaaCdPg2/PNOTmj9K4IMzV8s6I5Q7tMh05RS5pf08=", "email": "email21@test.com", "date_joined": "2013-03-26T20:05:11.364Z"}}, {"pk": 23, "model": "auth.user", "fields": {"username": "test22", "first_name": "FirstName22", "last_name": "LastName22", "is_active": true, "is_superuser": false, "is_staff": false, "last_login": "2013-03-26T20:05:11.917Z", "groups": [], "user_permissions": [], "password": "pbkdf2_sha256$10000$XijJxAY56T4M$Yz2zfXo0krtPKtX90LN3Pr2WIgUyOmgjXgChTfu+afk=", "email": "email22@test.com", "date_joined": "2013-03-26T20:05:11.917Z"}}, {"pk": 24, "model": "auth.user", "fields": {"username": "test23", "first_name": "FirstName23", "last_name": "LastName23", "is_active": true, "is_superuser": false, "is_staff": false, "last_login": "2013-03-26T20:05:12.437Z", "groups": [], "user_permissions": [], "password": "pbkdf2_sha256$10000$MSt0z1u1QNSs$yE7/muYgdd3eowRHK0S4gqIsP6CIEJRz+/20c0BrwVs=", "email": "email23@test.com", "date_joined": "2013-03-26T20:05:12.438Z"}}, {"pk": 25, "model": "auth.user", "fields": {"username": "test24", "first_name": "FirstName24", "last_name": "LastName24", "is_active": true, "is_superuser": false, "is_staff": false, "last_login": "2013-03-26T20:05:12.954Z", "groups": [], "user_permissions": [], "password": "pbkdf2_sha256$10000$VV0JuupkrlKC$jtAOVJK87O4ovcPqtL8L84BMY92tRAG+UHSkeYRbWJ4=", "email": "email24@test.com", "date_joined": "2013-03-26T20:05:12.954Z"}}, {"pk": 26, "model": "auth.user", "fields": {"username": "test25", "first_name": "FirstName25", "last_name": "LastName25", "is_active": true, "is_superuser": false, "is_staff": false, "last_login": "2013-03-26T20:05:13.505Z", "groups": [], "user_permissions": [], "password": "pbkdf2_sha256$10000$UCNcCFcdb2Cu$oUCsNf575aYVM3W3QX1z0Y5MP0QwlDsVSrQhRPDkRzM=", "email": "email25@test.com", "date_joined": "2013-03-26T20:05:13.505Z"}}, {"pk": 27, "model": "auth.user", "fields": {"username": "test26", "first_name": "FirstName26", "last_name": "LastName26", "is_active": true, "is_superuser": false, "is_staff": false, "last_login": "2013-03-26T20:05:14.044Z", "groups": [], "user_permissions": [], "password": "pbkdf2_sha256$10000$h71IjXb9PZJH$rC4+lwLUaRCmK36Dzkv5FI4Fm22iSYauZA2d29bLrk8=", "email": "email26@test.com", "date_joined": "2013-03-26T20:05:14.045Z"}}, {"pk": 28, "model": "auth.user", "fields": {"username": "test27", "first_name": "FirstName27", "last_name": "LastName27", "is_active": true, "is_superuser": false, "is_staff": false, "last_login": "2013-03-26T20:05:14.573Z", "groups": [], "user_permissions": [], "password": "pbkdf2_sha256$10000$mK3kHxUlXwkG$pkhwSUX8U2SQkIUAzus3bIso187p6GEa0qgpDFIiJfk=", "email": "email27@test.com", "date_joined": "2013-03-26T20:05:14.573Z"}}, {"pk": 29, "model": "auth.user", "fields": {"username": "test28", "first_name": "FirstName28", "last_name": "LastName28", "is_active": true, "is_superuser": false, "is_staff": false, "last_login": "2013-03-26T20:05:15.106Z", "groups": [], "user_permissions": [], "password": "pbkdf2_sha256$10000$rCRLzZNUZiwf$5FAeEAI3HVzTyU9cRq2S+x1TPzCElEXH6nu0tC58e/Q=", "email": "email28@test.com", "date_joined": "2013-03-26T20:05:15.106Z"}}, {"pk": 30, "model": "auth.user", "fields": {"username": "test29", "first_name": "FirstName29", "last_name": "LastName29", "is_active": true, "is_superuser": false, "is_staff": false, "last_login": "2013-03-26T20:05:15.660Z", "groups": [], "user_permissions": [], "password": "pbkdf2_sha256$10000$HGTecXYFdciR$m98idorFOT6vhtXzm0KGyP/QIvhA82/T99PZ+4xyd9g=", "email": "email29@test.com", "date_joined": "2013-03-26T20:05:15.661Z"}}, {"pk": 31, "model": "auth.user", "fields": {"username": "test30", "first_name": "FirstName30", "last_name": "LastName30", "is_active": true, "is_superuser": false, "is_staff": false, "last_login": "2013-03-26T20:05:16.161Z", "groups": [], "user_permissions": [], "password": "pbkdf2_sha256$10000$vWJPtyytfLUc$9M853gXqsdTLVgFmAqA1d0P8BQR9MxObqweHnCaxwZ0=", "email": "email30@test.com", "date_joined": "2013-03-26T20:05:16.161Z"}}, {"pk": 32, "model": "auth.user", "fields": {"username": "test31", "first_name": "FirstName31", "last_name": "LastName31", "is_active": true, "is_superuser": false, "is_staff": false, "last_login": "2013-03-26T20:05:16.669Z", "groups": [], "user_permissions": [], "password": "pbkdf2_sha256$10000$EkHjpANrrEIh$E977WHHHefmTBomMpqOSwi3ykiFP/SOAcIoc8Pt1Pnw=", "email": "email31@test.com", "date_joined": "2013-03-26T20:05:16.669Z"}}, {"pk": 33, "model": "auth.user", "fields": {"username": "test32", "first_name": "FirstName32", "last_name": "LastName32", "is_active": true, "is_superuser": false, "is_staff": false, "last_login": "2013-03-26T20:05:17.223Z", "groups": [], "user_permissions": [], "password": "pbkdf2_sha256$10000$EmToKgALNIcZ$W3A9FyX3HmdC+smHbXyU2Lbc3MyKsb1j3t1aFlFEnrM=", "email": "email32@test.com", "date_joined": "2013-03-26T20:05:17.224Z"}}, {"pk": 34, "model": "auth.user", "fields": {"username": "test33", "first_name": "FirstName33", "last_name": "LastName33", "is_active": true, "is_superuser": false, "is_staff": false, "last_login": "2013-03-26T20:05:17.723Z", "groups": [], "user_permissions": [], "password": "pbkdf2_sha256$10000$bPxXOzz1iEKe$h+T9PfSUErpTY4mh+yt7tVDHxfXEA/t/sH9tgt1L1yM=", "email": "email33@test.com", "date_joined": "2013-03-26T20:05:17.724Z"}}, {"pk": 35, "model": "auth.user", "fields": {"username": "test34", "first_name": "FirstName34", "last_name": "LastName34", "is_active": true, "is_superuser": false, "is_staff": false, "last_login": "2013-03-26T20:05:18.228Z", "groups": [], "user_permissions": [], "password": "pbkdf2_sha256$10000$lzJwaaTcVnFF$Lg20iGR137owTpyHBnKcUqpASEBj5D7uSXN1ymja+LA=", "email": "email34@test.com", "date_joined": "2013-03-26T20:05:18.229Z"}}, {"pk": 36, "model": "auth.user", "fields": {"username": "test35", "first_name": "FirstName35", "last_name": "LastName35", "is_active": true, "is_superuser": false, "is_staff": false, "last_login": "2013-03-26T20:05:18.772Z", "groups": [], "user_permissions": [], "password": "pbkdf2_sha256$10000$Nz2iZXTFy9T8$p308p2cphNtLDehxO2Dqo75Rg2jgjlE4pZ/+JqO/L+U=", "email": "email35@test.com", "date_joined": "2013-03-26T20:05:18.772Z"}}, {"pk": 37, "model": "auth.user", "fields": {"username": "test36", "first_name": "FirstName36", "last_name": "LastName36", "is_active": true, "is_superuser": false, "is_staff": false, "last_login": "2013-03-26T20:05:19.324Z", "groups": [], "user_permissions": [], "password": "pbkdf2_sha256$10000$4BoogDbCLHbO$T/7SkWckECX2f8g4Gwg+OKcJCrFN0s6ZZdqyQdqzUWE=", "email": "email36@test.com", "date_joined": "2013-03-26T20:05:19.324Z"}}, {"pk": 38, "model": "auth.user", "fields": {"username": "test37", "first_name": "FirstName37", "last_name": "LastName37", "is_active": true, "is_superuser": false, "is_staff": false, "last_login": "2013-03-26T20:05:19.827Z", "groups": [], "user_permissions": [], "password": "pbkdf2_sha256$10000$65njnZko0S0U$Dq+9z4F9c8uBci4nl2yS0hCiLOlLe63Dpz2yE5NZmvM=", "email": "email37@test.com", "date_joined": "2013-03-26T20:05:19.828Z"}}, {"pk": 39, "model": "auth.user", "fields": {"username": "test38", "first_name": "FirstName38", "last_name": "LastName38", "is_active": true, "is_superuser": false, "is_staff": false, "last_login": "2013-03-26T20:05:20.341Z", "groups": [], "user_permissions": [], "password": "pbkdf2_sha256$10000$wqDZZ0zLT3mY$lU/yc14X1X21YlfuXaaQ17iSG59PweEjqrw3uEmj4MI=", "email": "email38@test.com", "date_joined": "2013-03-26T20:05:20.342Z"}}, {"pk": 40, "model": "auth.user", "fields": {"username": "test39", "first_name": "FirstName39", "last_name": "LastName39", "is_active": true, "is_superuser": false, "is_staff": false, "last_login": "2013-03-26T20:05:20.911Z", "groups": [], "user_permissions": [], "password": "pbkdf2_sha256$10000$iNH3nAKbUuI4$/aywG3dCGAKsExEGtX3yKYGYozEjaBvf+hCj4BaceAg=", "email": "email39@test.com", "date_joined": "2013-03-26T20:05:20.911Z"}}, {"pk": 41, "model": "auth.user", "fields": {"username": "test40", "first_name": "FirstName40", "last_name": "LastName40", "is_active": true, "is_superuser": false, "is_staff": false, "last_login": "2013-03-26T20:05:21.434Z", "groups": [], "user_permissions": [], "password": "pbkdf2_sha256$10000$6FhXYRE53WJW$c8+EJ+a7dJIZgOzxzA2xTpuVriphDNb/awTVJ5vFhUI=", "email": "email40@test.com", "date_joined": "2013-03-26T20:05:21.434Z"}}, {"pk": 42, "model": "auth.user", "fields": {"username": "test41", "first_name": "FirstName41", "last_name": "LastName41", "is_active": true, "is_superuser": false, "is_staff": false, "last_login": "2013-03-26T20:05:21.961Z", "groups": [], "user_permissions": [], "password": "pbkdf2_sha256$10000$wTPY9Eu3RkuJ$wTiLPP7Vu5gHb5kZ9+aWMdoQxzF5OCCOcxQXDk2746Y=", "email": "email41@test.com", "date_joined": "2013-03-26T20:05:21.962Z"}}, {"pk": 43, "model": "auth.user", "fields": {"username": "test42", "first_name": "FirstName42", "last_name": "LastName42", "is_active": true, "is_superuser": false, "is_staff": false, "last_login": "2013-03-26T20:05:22.515Z", "groups": [], "user_permissions": [], "password": "pbkdf2_sha256$10000$RmxYKGQMvhIu$VtYDTvFpv7yQDWLquB+QPUMV2PWsJVaNJiQ9c6FMUeA=", "email": "email42@test.com", "date_joined": "2013-03-26T20:05:22.515Z"}}, {"pk": 44, "model": "auth.user", "fields": {"username": "test43", "first_name": "FirstName43", "last_name": "LastName43", "is_active": true, "is_superuser": false, "is_staff": false, "last_login": "2013-03-26T20:05:23.023Z", "groups": [], "user_permissions": [], "password": "pbkdf2_sha256$10000$Ae3M6vwRsfX1$CzCdciqzrroSo3aktVqt96Ogw4PgGYj8NPhVg/COJjw=", "email": "email43@test.com", "date_joined": "2013-03-26T20:05:23.024Z"}}, {"pk": 45, "model": "auth.user", "fields": {"username": "test44", "first_name": "FirstName44", "last_name": "LastName44", "is_active": true, "is_superuser": false, "is_staff": false, "last_login": "2013-03-26T20:05:23.535Z", "groups": [], "user_permissions": [], "password": "pbkdf2_sha256$10000$Ym5pcQFq2wWC$3T/Sx4sGAI2UyLu63WVGNi2cNORV9HdTBCPN30PlG24=", "email": "email44@test.com", "date_joined": "2013-03-26T20:05:23.535Z"}}, {"pk": 46, "model": "auth.user", "fields": {"username": "test45", "first_name": "FirstName45", "last_name": "LastName45", "is_active": true, "is_superuser": false, "is_staff": false, "last_login": "2013-03-26T20:05:24.095Z", "groups": [], "user_permissions": [], "password": "pbkdf2_sha256$10000$vCho1Qf1EVhw$4wUi3E+DfHhxES01vBs/6VTwMa/vhjoYKjXNWdW/8MA=", "email": "email45@test.com", "date_joined": "2013-03-26T20:05:24.095Z"}}, {"pk": 47, "model": "auth.user", "fields": {"username": "test46", "first_name": "FirstName46", "last_name": "LastName46", "is_active": true, "is_superuser": false, "is_staff": false, "last_login": "2013-03-26T20:05:24.639Z", "groups": [], "user_permissions": [], "password": "pbkdf2_sha256$10000$We0EaSFqrPZf$+XsBXAQWlicstb1Ui1FTjUeaZcL30A5Plday4hJSK8k=", "email": "email46@test.com", "date_joined": "2013-03-26T20:05:24.639Z"}}, {"pk": 48, "model": "auth.user", "fields": {"username": "test47", "first_name": "FirstName47", "last_name": "LastName47", "is_active": true, "is_superuser": false, "is_staff": false, "last_login": "2013-03-26T20:05:25.131Z", "groups": [], "user_permissions": [], "password": "pbkdf2_sha256$10000$muXfMTgH2CDO$jAj4CdnjOX+RgEElGPMQT8nCrLq4fe5YLandDVJwuv0=", "email": "email47@test.com", "date_joined": "2013-03-26T20:05:25.132Z"}}, {"pk": 49, "model": "auth.user", "fields": {"username": "test48", "first_name": "FirstName48", "last_name": "LastName48", "is_active": true, "is_superuser": false, "is_staff": false, "last_login": "2013-03-26T20:05:25.656Z", "groups": [], "user_permissions": [], "password": "pbkdf2_sha256$10000$1BNUgG0Vy3rI$crE98sUnKQNl+rSFgu3WqkDlwOEgMl4054aj0riSLYE=", "email": "email48@test.com", "date_joined": "2013-03-26T20:05:25.657Z"}}, {"pk": 50, "model": "auth.user", "fields": {"username": "test49", "first_name": "FirstName49", "last_name": "LastName49", "is_active": true, "is_superuser": false, "is_staff": false, "last_login": "2013-03-26T20:05:26.208Z", "groups": [], "user_permissions": [], "password": "pbkdf2_sha256$10000$qM4KEn0RDDCj$+eWvMMCW9zR9r95HZoOgtdIphP4kQ9Ep8w3tzmL9mOw=", "email": "email49@test.com", "date_joined": "2013-03-26T20:05:26.209Z"}}, {"pk": 51, "model": "auth.user", "fields": {"username": "test50", "first_name": "FirstName50", "last_name": "LastName50", "is_active": true, "is_superuser": false, "is_staff": false, "last_login": "2013-03-26T20:05:26.716Z", "groups": [], "user_permissions": [], "password": "pbkdf2_sha256$10000$34vObdTFAzTp$cKK2tTjnO6q5+JllTEy1LXhyY2auPlAOj8pYSvDBORw=", "email": "email50@test.com", "date_joined": "2013-03-26T20:05:26.716Z"}}]