[
{
    "pk": 1, 
    "model": "Auctions.category", 
    "fields": {
        "name": "Category1"
    }
},
{
    "pk": 2, 
    "model": "Auctions.category", 
    "fields": {
        "name": "Category2"
    }
},
{
    "pk": 3, 
    "model": "Auctions.category", 
    "fields": {
        "name": "Category3"
    }
},
{
    "pk": 4, 
    "model": "Auctions.category", 
    "fields": {
        "name": "Category4"
    }
},
{
    "pk": 5, 
    "model": "Auctions.category", 
    "fields": {
        "name": "Category5"
    }
},
{
    "pk": 6, 
    "model": "Auctions.category", 
    "fields": {
        "name": "Category6"
    }
},
{
    "pk": 7, 
    "model": "Auctions.category", 
    "fields": {
        "name": "Category7"
    }
},
{
    "pk": 8, 
    "model": "Auctions.category", 
    "fields": {
        "name": "Category8"
    }
},
{
    "pk": 9, 
    "model": "Auctions.category", 
    "fields": {
        "name": "Category9"
    }
},
{
    "pk": 10, 
    "model": "Auctions.category", 
    "fields": {
        "name": "Category10"
    }
},
{
    "pk": 1, 
    "model": "auth.user", 
    "fields": {
        "username": "eaura", 
        "first_name": "Emil", 
        "last_name": "Aura", 
        "is_active": true, 
        "is_superuser": true, 
        "is_staff": true, 
        "last_login": "2013-02-17T15:13:07.794Z", 
        "groups": [], 
        "user_permissions": [], 
        "password": "pbkdf2_sha256$10000$bzJKVAD03x4D$uDtyt4wt1Kn08iOKEX3P6QXfO5Q3i7QRa6r/d5BOaro=", 
        "email": "aura.emil@gmail.com", 
        "date_joined": "2013-01-11T20:59:39Z"
    }
},
{
    "pk": 2, 
    "model": "auth.user", 
    "fields": {
        "username": "test1", 
        "first_name": "FirstName1", 
        "last_name": "LastName1", 
        "is_active": true, 
        "is_superuser": false, 
        "is_staff": false, 
        "last_login": "2013-02-16T18:38:10.716Z", 
        "groups": [], 
        "user_permissions": [], 
        "password": "pbkdf2_sha256$10000$qhMNSnqxtr06$clIEuZ4gEKI86RbtWsFTFX+AH3UZLp6hkfqjPulsHSE=", 
        "email": "email1@test.com", 
        "date_joined": "2013-02-16T18:38:10.717Z"
    }
},
{
    "pk": 3, 
    "model": "auth.user", 
    "fields": {
        "username": "test2", 
        "first_name": "FirstName2", 
        "last_name": "LastName2", 
        "is_active": true, 
        "is_superuser": false, 
        "is_staff": false, 
        "last_login": "2013-02-16T18:38:11.243Z", 
        "groups": [], 
        "user_permissions": [], 
        "password": "pbkdf2_sha256$10000$OktNjbMdbCyC$T6K7LSJY4EhXYN7ZT08OTgHXsP1XZjD3EpDXYcBU1sg=", 
        "email": "email2@test.com", 
        "date_joined": "2013-02-16T18:38:11.243Z"
    }
},
{
    "pk": 4, 
    "model": "auth.user", 
    "fields": {
        "username": "test3", 
        "first_name": "FirstName3", 
        "last_name": "LastName3", 
        "is_active": true, 
        "is_superuser": false, 
        "is_staff": false, 
        "last_login": "2013-02-16T18:38:11.800Z", 
        "groups": [], 
        "user_permissions": [], 
        "password": "pbkdf2_sha256$10000$PDptGQI5C71V$zaFB7jDBUtHpKQGd7xwh/WtRP33kJVW8eWHcM/+hk+Q=", 
        "email": "email3@test.com", 
        "date_joined": "2013-02-16T18:38:11.800Z"
    }
},
{
    "pk": 5, 
    "model": "auth.user", 
    "fields": {
        "username": "test4", 
        "first_name": "FirstName4", 
        "last_name": "LastName4", 
        "is_active": true, 
        "is_superuser": false, 
        "is_staff": false, 
        "last_login": "2013-02-16T18:38:12.305Z", 
        "groups": [], 
        "user_permissions": [], 
        "password": "pbkdf2_sha256$10000$EWn04IAnCPQ0$c9vOtvcyweI9fDMPp/La3qZtWVSb71NUbBtTDWE6wOA=", 
        "email": "email4@test.com", 
        "date_joined": "2013-02-16T18:38:12.306Z"
    }
},
{
    "pk": 6, 
    "model": "auth.user", 
    "fields": {
        "username": "test5", 
        "first_name": "FirstName5", 
        "last_name": "LastName5", 
        "is_active": true, 
        "is_superuser": false, 
        "is_staff": false, 
        "last_login": "2013-02-16T18:38:12.811Z", 
        "groups": [], 
        "user_permissions": [], 
        "password": "pbkdf2_sha256$10000$4sjNWREu0tMi$StOjP/SZndgNAFDAn+Agn0KAXMNC1xePP17Q6uBUj38=", 
        "email": "email5@test.com", 
        "date_joined": "2013-02-16T18:38:12.812Z"
    }
},
{
    "pk": 7, 
    "model": "auth.user", 
    "fields": {
        "username": "test6", 
        "first_name": "FirstName6", 
        "last_name": "LastName6", 
        "is_active": true, 
        "is_superuser": false, 
        "is_staff": false, 
        "last_login": "2013-02-16T18:38:13.339Z", 
        "groups": [], 
        "user_permissions": [], 
        "password": "pbkdf2_sha256$10000$YVXuDJ54hznQ$iA1C65hxufThbyPAmimCqhZTf/Upwvyj7SsqyzClv60=", 
        "email": "email6@test.com", 
        "date_joined": "2013-02-16T18:38:13.340Z"
    }
},
{
    "pk": 8, 
    "model": "auth.user", 
    "fields": {
        "username": "test7", 
        "first_name": "FirstName7", 
        "last_name": "LastName7", 
        "is_active": true, 
        "is_superuser": false, 
        "is_staff": false, 
        "last_login": "2013-02-16T18:38:13.844Z", 
        "groups": [], 
        "user_permissions": [], 
        "password": "pbkdf2_sha256$10000$kC8H3TdKhk81$V+LSMYWgEeJ+fjBLAf2KkOzbK82qNAbweSP60mLLPSE=", 
        "email": "email7@test.com", 
        "date_joined": "2013-02-16T18:38:13.844Z"
    }
},
{
    "pk": 9, 
    "model": "auth.user", 
    "fields": {
        "username": "test8", 
        "first_name": "FirstName8", 
        "last_name": "LastName8", 
        "is_active": true, 
        "is_superuser": false, 
        "is_staff": false, 
        "last_login": "2013-02-16T18:38:14.358Z", 
        "groups": [], 
        "user_permissions": [], 
        "password": "pbkdf2_sha256$10000$QuqUvjTE6xWw$wMxzvM5P5wdPzs5RJXOGIoNH0hyyryY7CBNgdbhE3x4=", 
        "email": "email8@test.com", 
        "date_joined": "2013-02-16T18:38:14.358Z"
    }
},
{
    "pk": 10, 
    "model": "auth.user", 
    "fields": {
        "username": "test9", 
        "first_name": "FirstName9", 
        "last_name": "LastName9", 
        "is_active": true, 
        "is_superuser": false, 
        "is_staff": false, 
        "last_login": "2013-02-16T18:38:14.846Z", 
        "groups": [], 
        "user_permissions": [], 
        "password": "pbkdf2_sha256$10000$XCP9cPr1lOaw$nR1JSlULJC/G9MRI58O25jO2s+atwZlAGMhAOb5BvOM=", 
        "email": "email9@test.com", 
        "date_joined": "2013-02-16T18:38:14.846Z"
    }
},
{
    "pk": 11, 
    "model": "auth.user", 
    "fields": {
        "username": "test10", 
        "first_name": "FirstName10", 
        "last_name": "LastName10", 
        "is_active": true, 
        "is_superuser": false, 
        "is_staff": false, 
        "last_login": "2013-02-16T18:38:15.358Z", 
        "groups": [], 
        "user_permissions": [], 
        "password": "pbkdf2_sha256$10000$Mxzto2SA9dTh$pRkBcrdeb9wzfC4kDw0mne2qUQkzF1MPuJ3zaBLZl1U=", 
        "email": "email10@test.com", 
        "date_joined": "2013-02-16T18:38:15.359Z"
    }
},
{
    "pk": 12, 
    "model": "auth.user", 
    "fields": {
        "username": "test11", 
        "first_name": "FirstName11", 
        "last_name": "LastName11", 
        "is_active": true, 
        "is_superuser": false, 
        "is_staff": false, 
        "last_login": "2013-02-16T18:38:15.860Z", 
        "groups": [], 
        "user_permissions": [], 
        "password": "pbkdf2_sha256$10000$M9JhYoqUs9om$bWEDpOxMm3eIAS7YR3cPbhHSwdNVxKHPvl+jBErKqeE=", 
        "email": "email11@test.com", 
        "date_joined": "2013-02-16T18:38:15.860Z"
    }
},
{
    "pk": 13, 
    "model": "auth.user", 
    "fields": {
        "username": "test12", 
        "first_name": "FirstName12", 
        "last_name": "LastName12", 
        "is_active": true, 
        "is_superuser": false, 
        "is_staff": false, 
        "last_login": "2013-02-16T18:38:16.336Z", 
        "groups": [], 
        "user_permissions": [], 
        "password": "pbkdf2_sha256$10000$DWtXAtmMFoL2$Ouh6pxRs53L44v4oF85a8lXyrxzz2BEErp1vdHoM0ZU=", 
        "email": "email12@test.com", 
        "date_joined": "2013-02-16T18:38:16.336Z"
    }
},
{
    "pk": 14, 
    "model": "auth.user", 
    "fields": {
        "username": "test13", 
        "first_name": "FirstName13", 
        "last_name": "LastName13", 
        "is_active": true, 
        "is_superuser": false, 
        "is_staff": false, 
        "last_login": "2013-02-16T18:38:16.850Z", 
        "groups": [], 
        "user_permissions": [], 
        "password": "pbkdf2_sha256$10000$XEMlue9hvwMt$chzfKc10HdYD6gEQ78G1/zptxXdQ6KgZ62qubrZoI7Y=", 
        "email": "email13@test.com", 
        "date_joined": "2013-02-16T18:38:16.851Z"
    }
},
{
    "pk": 15, 
    "model": "auth.user", 
    "fields": {
        "username": "test14", 
        "first_name": "FirstName14", 
        "last_name": "LastName14", 
        "is_active": true, 
        "is_superuser": false, 
        "is_staff": false, 
        "last_login": "2013-02-16T18:38:17.352Z", 
        "groups": [], 
        "user_permissions": [], 
        "password": "pbkdf2_sha256$10000$83a3HZovneiS$uNzBc7hd1zI9Vm0bmuYy1crKbNAhmDikUeDiYdYEXL4=", 
        "email": "email14@test.com", 
        "date_joined": "2013-02-16T18:38:17.353Z"
    }
},
{
    "pk": 16, 
    "model": "auth.user", 
    "fields": {
        "username": "test15", 
        "first_name": "FirstName15", 
        "last_name": "LastName15", 
        "is_active": true, 
        "is_superuser": false, 
        "is_staff": false, 
        "last_login": "2013-02-16T18:38:17.891Z", 
        "groups": [], 
        "user_permissions": [], 
        "password": "pbkdf2_sha256$10000$2975CR46nfxJ$7E828vhg9hIp3o+l/L3CFNecTSy+jHIq+k7km2b5MBE=", 
        "email": "email15@test.com", 
        "date_joined": "2013-02-16T18:38:17.892Z"
    }
},
{
    "pk": 17, 
    "model": "auth.user", 
    "fields": {
        "username": "test16", 
        "first_name": "FirstName16", 
        "last_name": "LastName16", 
        "is_active": true, 
        "is_superuser": false, 
        "is_staff": false, 
        "last_login": "2013-02-16T18:38:18.388Z", 
        "groups": [], 
        "user_permissions": [], 
        "password": "pbkdf2_sha256$10000$9g7NEZ851mRk$/Dm7SAWkWX+CvR8apZlQO4ZEYGXVQ05/vaLdh1AlpLQ=", 
        "email": "email16@test.com", 
        "date_joined": "2013-02-16T18:38:18.389Z"
    }
},
{
    "pk": 18, 
    "model": "auth.user", 
    "fields": {
        "username": "test17", 
        "first_name": "FirstName17", 
        "last_name": "LastName17", 
        "is_active": true, 
        "is_superuser": false, 
        "is_staff": false, 
        "last_login": "2013-02-16T18:38:18.897Z", 
        "groups": [], 
        "user_permissions": [], 
        "password": "pbkdf2_sha256$10000$oG2a1uNBhf0E$4VaOJTlWvB2UZleuYwfx3Bn4aDRSsCvnQZkMYmnffI4=", 
        "email": "email17@test.com", 
        "date_joined": "2013-02-16T18:38:18.898Z"
    }
},
{
    "pk": 19, 
    "model": "auth.user", 
    "fields": {
        "username": "test18", 
        "first_name": "FirstName18", 
        "last_name": "LastName18", 
        "is_active": true, 
        "is_superuser": false, 
        "is_staff": false, 
        "last_login": "2013-02-16T18:38:19.408Z", 
        "groups": [], 
        "user_permissions": [], 
        "password": "pbkdf2_sha256$10000$l5LgsoiKvPJa$wNtyMdBzTN2b9ZLosDujXAWH8nhkzbaGsYJg/Xq4ZTc=", 
        "email": "email18@test.com", 
        "date_joined": "2013-02-16T18:38:19.409Z"
    }
},
{
    "pk": 20, 
    "model": "auth.user", 
    "fields": {
        "username": "test19", 
        "first_name": "FirstName19", 
        "last_name": "LastName19", 
        "is_active": true, 
        "is_superuser": false, 
        "is_staff": false, 
        "last_login": "2013-02-16T18:38:19.897Z", 
        "groups": [], 
        "user_permissions": [], 
        "password": "pbkdf2_sha256$10000$PNSMAQ9yhAuY$fItrlA+/DRb61C/40bguwDpAuQ1/rkEsqVgp1vmGwkM=", 
        "email": "email19@test.com", 
        "date_joined": "2013-02-16T18:38:19.897Z"
    }
},
{
    "pk": 21, 
    "model": "auth.user", 
    "fields": {
        "username": "test20", 
        "first_name": "FirstName20", 
        "last_name": "LastName20", 
        "is_active": true, 
        "is_superuser": false, 
        "is_staff": false, 
        "last_login": "2013-02-16T18:38:20.434Z", 
        "groups": [], 
        "user_permissions": [], 
        "password": "pbkdf2_sha256$10000$CZ36Nwr2u8k3$iXPF/U3IyMdYa4dKrlVZydunjiMqzzif+XS9DM7UQcU=", 
        "email": "email20@test.com", 
        "date_joined": "2013-02-16T18:38:20.434Z"
    }
},
{
    "pk": 22, 
    "model": "auth.user", 
    "fields": {
        "username": "test21", 
        "first_name": "FirstName21", 
        "last_name": "LastName21", 
        "is_active": true, 
        "is_superuser": false, 
        "is_staff": false, 
        "last_login": "2013-02-16T18:38:20.945Z", 
        "groups": [], 
        "user_permissions": [], 
        "password": "pbkdf2_sha256$10000$bVr6TiQVx7Jw$IDzaueE8sunIKzyIc+r8NRC2N3bTf3zCBTl9VP2goVg=", 
        "email": "email21@test.com", 
        "date_joined": "2013-02-16T18:38:20.945Z"
    }
},
{
    "pk": 23, 
    "model": "auth.user", 
    "fields": {
        "username": "test22", 
        "first_name": "FirstName22", 
        "last_name": "LastName22", 
        "is_active": true, 
        "is_superuser": false, 
        "is_staff": false, 
        "last_login": "2013-02-16T18:38:21.445Z", 
        "groups": [], 
        "user_permissions": [], 
        "password": "pbkdf2_sha256$10000$WsK28fDFwjBn$QD6IeWUPlAl03xe6fc8vqFTvZmanXE+Z6wQmb2tHjqQ=", 
        "email": "email22@test.com", 
        "date_joined": "2013-02-16T18:38:21.445Z"
    }
},
{
    "pk": 24, 
    "model": "auth.user", 
    "fields": {
        "username": "test23", 
        "first_name": "FirstName23", 
        "last_name": "LastName23", 
        "is_active": true, 
        "is_superuser": false, 
        "is_staff": false, 
        "last_login": "2013-02-16T18:38:21.981Z", 
        "groups": [], 
        "user_permissions": [], 
        "password": "pbkdf2_sha256$10000$cWhWXnqUp7jv$+0p1fv0hqAgmZKZoAyHwLEVu9tkuMWxIFiXL0HMtVtc=", 
        "email": "email23@test.com", 
        "date_joined": "2013-02-16T18:38:21.982Z"
    }
},
{
    "pk": 25, 
    "model": "auth.user", 
    "fields": {
        "username": "test24", 
        "first_name": "FirstName24", 
        "last_name": "LastName24", 
        "is_active": true, 
        "is_superuser": false, 
        "is_staff": false, 
        "last_login": "2013-02-16T18:38:22.501Z", 
        "groups": [], 
        "user_permissions": [], 
        "password": "pbkdf2_sha256$10000$CjnBIvAWpBao$6qL+59BWPJsDynEveeUmr+se8FO7zUG4tZpBvIxppLU=", 
        "email": "email24@test.com", 
        "date_joined": "2013-02-16T18:38:22.502Z"
    }
},
{
    "pk": 26, 
    "model": "auth.user", 
    "fields": {
        "username": "test25", 
        "first_name": "FirstName25", 
        "last_name": "LastName25", 
        "is_active": true, 
        "is_superuser": false, 
        "is_staff": false, 
        "last_login": "2013-02-16T18:38:23.009Z", 
        "groups": [], 
        "user_permissions": [], 
        "password": "pbkdf2_sha256$10000$77gsPU5wi0QT$FdeUTOvos05XZs0EiIBvmmM4DUC5/rKG6qxuar7CxW8=", 
        "email": "email25@test.com", 
        "date_joined": "2013-02-16T18:38:23.009Z"
    }
},
{
    "pk": 27, 
    "model": "auth.user", 
    "fields": {
        "username": "test26", 
        "first_name": "FirstName26", 
        "last_name": "LastName26", 
        "is_active": true, 
        "is_superuser": false, 
        "is_staff": false, 
        "last_login": "2013-02-16T18:38:23.552Z", 
        "groups": [], 
        "user_permissions": [], 
        "password": "pbkdf2_sha256$10000$TpYHjbAeSyeR$y2q/60CRKTS24UMSeciFcVQe6+2VVxToLriHV4terOU=", 
        "email": "email26@test.com", 
        "date_joined": "2013-02-16T18:38:23.553Z"
    }
},
{
    "pk": 28, 
    "model": "auth.user", 
    "fields": {
        "username": "test27", 
        "first_name": "FirstName27", 
        "last_name": "LastName27", 
        "is_active": true, 
        "is_superuser": false, 
        "is_staff": false, 
        "last_login": "2013-02-16T18:38:24.102Z", 
        "groups": [], 
        "user_permissions": [], 
        "password": "pbkdf2_sha256$10000$ADFRzWEZUxF8$7w7yJoqbmTFYW0el9xLeDnh0uo5UP6KnlF1EysMpKAI=", 
        "email": "email27@test.com", 
        "date_joined": "2013-02-16T18:38:24.102Z"
    }
},
{
    "pk": 29, 
    "model": "auth.user", 
    "fields": {
        "username": "test28", 
        "first_name": "FirstName28", 
        "last_name": "LastName28", 
        "is_active": true, 
        "is_superuser": false, 
        "is_staff": false, 
        "last_login": "2013-02-16T18:38:24.608Z", 
        "groups": [], 
        "user_permissions": [], 
        "password": "pbkdf2_sha256$10000$4T4G5G0mClAL$LzPuHru8YxCu6G7XWmy3AQEuz01V39bt/ZJhDa2tMis=", 
        "email": "email28@test.com", 
        "date_joined": "2013-02-16T18:38:24.609Z"
    }
},
{
    "pk": 30, 
    "model": "auth.user", 
    "fields": {
        "username": "test29", 
        "first_name": "FirstName29", 
        "last_name": "LastName29", 
        "is_active": true, 
        "is_superuser": false, 
        "is_staff": false, 
        "last_login": "2013-02-16T18:38:25.119Z", 
        "groups": [], 
        "user_permissions": [], 
        "password": "pbkdf2_sha256$10000$WJm2sGL9lA94$q5btim9ARXriZMZbKoJ9ifAQhi7MN7q8KlQTWGXsyco=", 
        "email": "email29@test.com", 
        "date_joined": "2013-02-16T18:38:25.120Z"
    }
},
{
    "pk": 31, 
    "model": "auth.user", 
    "fields": {
        "username": "test30", 
        "first_name": "FirstName30", 
        "last_name": "LastName30", 
        "is_active": true, 
        "is_superuser": false, 
        "is_staff": false, 
        "last_login": "2013-02-16T18:38:25.668Z", 
        "groups": [], 
        "user_permissions": [], 
        "password": "pbkdf2_sha256$10000$sMrMeUqQt1kU$XQ1YCpO7wj1NMfLXEIQO7KoSLoAig34INO3UD9JQ5rQ=", 
        "email": "email30@test.com", 
        "date_joined": "2013-02-16T18:38:25.668Z"
    }
},
{
    "pk": 32, 
    "model": "auth.user", 
    "fields": {
        "username": "test31", 
        "first_name": "FirstName31", 
        "last_name": "LastName31", 
        "is_active": true, 
        "is_superuser": false, 
        "is_staff": false, 
        "last_login": "2013-02-16T18:38:26.174Z", 
        "groups": [], 
        "user_permissions": [], 
        "password": "pbkdf2_sha256$10000$jVvEf0FDxrVw$d4SkxiBA3S5Z6CxkJmmRY4KQclzp9xrl6rYBXMs80X4=", 
        "email": "email31@test.com", 
        "date_joined": "2013-02-16T18:38:26.174Z"
    }
},
{
    "pk": 33, 
    "model": "auth.user", 
    "fields": {
        "username": "test32", 
        "first_name": "FirstName32", 
        "last_name": "LastName32", 
        "is_active": true, 
        "is_superuser": false, 
        "is_staff": false, 
        "last_login": "2013-02-16T18:38:26.670Z", 
        "groups": [], 
        "user_permissions": [], 
        "password": "pbkdf2_sha256$10000$mFcsDXfT3LcT$ciyO/3oQjKtS102ReTDU7A4bExXHdVLDZS+gpGjqL+Y=", 
        "email": "email32@test.com", 
        "date_joined": "2013-02-16T18:38:26.670Z"
    }
},
{
    "pk": 34, 
    "model": "auth.user", 
    "fields": {
        "username": "test33", 
        "first_name": "FirstName33", 
        "last_name": "LastName33", 
        "is_active": true, 
        "is_superuser": false, 
        "is_staff": false, 
        "last_login": "2013-02-16T18:38:27.218Z", 
        "groups": [], 
        "user_permissions": [], 
        "password": "pbkdf2_sha256$10000$QdHQzaEf93V1$K3+DKVIPRXSfQpFX5iJHkVqm9atWNz8FYpo/RtambO4=", 
        "email": "email33@test.com", 
        "date_joined": "2013-02-16T18:38:27.218Z"
    }
},
{
    "pk": 35, 
    "model": "auth.user", 
    "fields": {
        "username": "test34", 
        "first_name": "FirstName34", 
        "last_name": "LastName34", 
        "is_active": true, 
        "is_superuser": false, 
        "is_staff": false, 
        "last_login": "2013-02-16T18:38:27.700Z", 
        "groups": [], 
        "user_permissions": [], 
        "password": "pbkdf2_sha256$10000$QjtpHD1Kxwnf$xacETuqSoQ0nsv8zwVdAsDcHfAXwVCX78SQkc+PgeHg=", 
        "email": "email34@test.com", 
        "date_joined": "2013-02-16T18:38:27.700Z"
    }
},
{
    "pk": 36, 
    "model": "auth.user", 
    "fields": {
        "username": "test35", 
        "first_name": "FirstName35", 
        "last_name": "LastName35", 
        "is_active": true, 
        "is_superuser": false, 
        "is_staff": false, 
        "last_login": "2013-02-16T18:38:28.209Z", 
        "groups": [], 
        "user_permissions": [], 
        "password": "pbkdf2_sha256$10000$V8oId6wBhz1N$1cwXKt4P65V9bIscbFybLJS8U6M0/YAr7EuCRu+TXWc=", 
        "email": "email35@test.com", 
        "date_joined": "2013-02-16T18:38:28.209Z"
    }
},
{
    "pk": 37, 
    "model": "auth.user", 
    "fields": {
        "username": "test36", 
        "first_name": "FirstName36", 
        "last_name": "LastName36", 
        "is_active": true, 
        "is_superuser": false, 
        "is_staff": false, 
        "last_login": "2013-02-16T18:38:28.777Z", 
        "groups": [], 
        "user_permissions": [], 
        "password": "pbkdf2_sha256$10000$k8vV7HxLgJpK$VQcVTxuvlrjuBJaMgBzwZy68j3TDkL9Ue4i6eKlQRC8=", 
        "email": "email36@test.com", 
        "date_joined": "2013-02-16T18:38:28.777Z"
    }
},
{
    "pk": 38, 
    "model": "auth.user", 
    "fields": {
        "username": "test37", 
        "first_name": "FirstName37", 
        "last_name": "LastName37", 
        "is_active": true, 
        "is_superuser": false, 
        "is_staff": false, 
        "last_login": "2013-02-16T18:38:29.316Z", 
        "groups": [], 
        "user_permissions": [], 
        "password": "pbkdf2_sha256$10000$Gc8AMADZGxyz$jFwYoFmhbjSQiE7oao9TwEgRhAlbM9DWhtd6JH9UvPg=", 
        "email": "email37@test.com", 
        "date_joined": "2013-02-16T18:38:29.316Z"
    }
},
{
    "pk": 39, 
    "model": "auth.user", 
    "fields": {
        "username": "test38", 
        "first_name": "FirstName38", 
        "last_name": "LastName38", 
        "is_active": true, 
        "is_superuser": false, 
        "is_staff": false, 
        "last_login": "2013-02-16T18:38:29.822Z", 
        "groups": [], 
        "user_permissions": [], 
        "password": "pbkdf2_sha256$10000$GPEpojLv6T9g$lC5SJVnuQYTvUEND4C5tlyeb3tqLnBBQO/uajlSn8hA=", 
        "email": "email38@test.com", 
        "date_joined": "2013-02-16T18:38:29.822Z"
    }
},
{
    "pk": 40, 
    "model": "auth.user", 
    "fields": {
        "username": "test39", 
        "first_name": "FirstName39", 
        "last_name": "LastName39", 
        "is_active": true, 
        "is_superuser": false, 
        "is_staff": false, 
        "last_login": "2013-02-16T18:38:30.361Z", 
        "groups": [], 
        "user_permissions": [], 
        "password": "pbkdf2_sha256$10000$RaOgL6OeO9oR$kfMJ0GXi5huPukk27Swf4U3GVBY2CAt83SbwejBuFlM=", 
        "email": "email39@test.com", 
        "date_joined": "2013-02-16T18:38:30.362Z"
    }
},
{
    "pk": 41, 
    "model": "auth.user", 
    "fields": {
        "username": "test40", 
        "first_name": "FirstName40", 
        "last_name": "LastName40", 
        "is_active": true, 
        "is_superuser": false, 
        "is_staff": false, 
        "last_login": "2013-02-16T18:38:30.903Z", 
        "groups": [], 
        "user_permissions": [], 
        "password": "pbkdf2_sha256$10000$gaGjxJAVwwqG$J5oaMEM0fW7ZV11hYdc2i98O9JSYFEbmqzSiQptnOBI=", 
        "email": "email40@test.com", 
        "date_joined": "2013-02-16T18:38:30.903Z"
    }
},
{
    "pk": 42, 
    "model": "auth.user", 
    "fields": {
        "username": "test41", 
        "first_name": "FirstName41", 
        "last_name": "LastName41", 
        "is_active": true, 
        "is_superuser": false, 
        "is_staff": false, 
        "last_login": "2013-02-16T18:38:31.413Z", 
        "groups": [], 
        "user_permissions": [], 
        "password": "pbkdf2_sha256$10000$2qxUXD9AhGk4$Tv76xPsxj/FwuIuIufQ8EQp1tT4EcTy4Yd8dA+XsyrY=", 
        "email": "email41@test.com", 
        "date_joined": "2013-02-16T18:38:31.414Z"
    }
},
{
    "pk": 43, 
    "model": "auth.user", 
    "fields": {
        "username": "test42", 
        "first_name": "FirstName42", 
        "last_name": "LastName42", 
        "is_active": true, 
        "is_superuser": false, 
        "is_staff": false, 
        "last_login": "2013-02-16T18:38:31.905Z", 
        "groups": [], 
        "user_permissions": [], 
        "password": "pbkdf2_sha256$10000$vgtUd5bMVevs$vucLLpQ8eya47EJaqrufqCNi22tKSBgpAybBzgmFFSc=", 
        "email": "email42@test.com", 
        "date_joined": "2013-02-16T18:38:31.905Z"
    }
},
{
    "pk": 44, 
    "model": "auth.user", 
    "fields": {
        "username": "test43", 
        "first_name": "FirstName43", 
        "last_name": "LastName43", 
        "is_active": true, 
        "is_superuser": false, 
        "is_staff": false, 
        "last_login": "2013-02-16T18:38:32.462Z", 
        "groups": [], 
        "user_permissions": [], 
        "password": "pbkdf2_sha256$10000$NJqaXEgj4raW$img8rffrD+BMlSviEhRYZTYy3KF+rJJgbnUre/rB6Wo=", 
        "email": "email43@test.com", 
        "date_joined": "2013-02-16T18:38:32.462Z"
    }
},
{
    "pk": 45, 
    "model": "auth.user", 
    "fields": {
        "username": "test44", 
        "first_name": "FirstName44", 
        "last_name": "LastName44", 
        "is_active": true, 
        "is_superuser": false, 
        "is_staff": false, 
        "last_login": "2013-02-16T18:38:32.997Z", 
        "groups": [], 
        "user_permissions": [], 
        "password": "pbkdf2_sha256$10000$Wr01CqFz07mB$fijHA8n0bv5OUkhN1QaHlSZ1l9z4UDNR3yCOezkX1UI=", 
        "email": "email44@test.com", 
        "date_joined": "2013-02-16T18:38:32.998Z"
    }
},
{
    "pk": 46, 
    "model": "auth.user", 
    "fields": {
        "username": "test45", 
        "first_name": "FirstName45", 
        "last_name": "LastName45", 
        "is_active": true, 
        "is_superuser": false, 
        "is_staff": false, 
        "last_login": "2013-02-16T18:38:33.522Z", 
        "groups": [], 
        "user_permissions": [], 
        "password": "pbkdf2_sha256$10000$kLizLrrBE0QB$Kcoqjzwf7iOYQwHK5DfG0G4NpEgf/csbTWlJi8C6V4w=", 
        "email": "email45@test.com", 
        "date_joined": "2013-02-16T18:38:33.522Z"
    }
},
{
    "pk": 47, 
    "model": "auth.user", 
    "fields": {
        "username": "test46", 
        "first_name": "FirstName46", 
        "last_name": "LastName46", 
        "is_active": true, 
        "is_superuser": false, 
        "is_staff": false, 
        "last_login": "2013-02-16T18:38:34.061Z", 
        "groups": [], 
        "user_permissions": [], 
        "password": "pbkdf2_sha256$10000$cqF5u1WmnFbX$ZGLIGloCfyXV4SypoCUKndr8gPRbnyC8s0OrHwBWIXk=", 
        "email": "email46@test.com", 
        "date_joined": "2013-02-16T18:38:34.062Z"
    }
},
{
    "pk": 48, 
    "model": "auth.user", 
    "fields": {
        "username": "test47", 
        "first_name": "FirstName47", 
        "last_name": "LastName47", 
        "is_active": true, 
        "is_superuser": false, 
        "is_staff": false, 
        "last_login": "2013-02-16T18:38:34.589Z", 
        "groups": [], 
        "user_permissions": [], 
        "password": "pbkdf2_sha256$10000$3027RKuUYlDb$X8hSLG80wxmd9JLkgh+PUOZHwRN0V/Tv0VLWTWEfB94=", 
        "email": "email47@test.com", 
        "date_joined": "2013-02-16T18:38:34.589Z"
    }
},
{
    "pk": 49, 
    "model": "auth.user", 
    "fields": {
        "username": "test48", 
        "first_name": "FirstName48", 
        "last_name": "LastName48", 
        "is_active": true, 
        "is_superuser": false, 
        "is_staff": false, 
        "last_login": "2013-02-16T18:38:35.101Z", 
        "groups": [], 
        "user_permissions": [], 
        "password": "pbkdf2_sha256$10000$PJmBExWTrgUN$j2p6Nn3UZJRK4hSrh1ByxvE03xIiLw5LaytS37LA04E=", 
        "email": "email48@test.com", 
        "date_joined": "2013-02-16T18:38:35.102Z"
    }
},
{
    "pk": 50, 
    "model": "auth.user", 
    "fields": {
        "username": "test49", 
        "first_name": "FirstName49", 
        "last_name": "LastName49", 
        "is_active": true, 
        "is_superuser": false, 
        "is_staff": false, 
        "last_login": "2013-02-16T18:38:35.628Z", 
        "groups": [], 
        "user_permissions": [], 
        "password": "pbkdf2_sha256$10000$8I95SqlDR63L$iQRyPmqgHbr/xkCCRf/lSga+FxpRG/hTgGesfP98ARI=", 
        "email": "email49@test.com", 
        "date_joined": "2013-02-16T18:38:35.628Z"
    }
},
{
    "pk": 51, 
    "model": "auth.user", 
    "fields": {
        "username": "test50", 
        "first_name": "FirstName50", 
        "last_name": "LastName50", 
        "is_active": true, 
        "is_superuser": false, 
        "is_staff": false, 
        "last_login": "2013-02-16T18:38:36.134Z", 
        "groups": [], 
        "user_permissions": [], 
        "password": "pbkdf2_sha256$10000$p4buLvL9QvD6$gU1CaGiJEoxXu+y/SfpzVfyfkl2WtBCmiBfcPTTbwe4=", 
        "email": "email50@test.com", 
        "date_joined": "2013-02-16T18:38:36.134Z"
    }
},
{
    "pk": 1, 
    "model": "Auctions.bid", 
    "fields": {
        "auction": 1, 
        "bid": "973", 
        "user": 50
    }
},
{
    "pk": 2, 
    "model": "Auctions.bid", 
    "fields": {
        "auction": 1, 
        "bid": "765", 
        "user": 45
    }
},
{
    "pk": 3, 
    "model": "Auctions.bid", 
    "fields": {
        "auction": 2, 
        "bid": "499", 
        "user": 44
    }
},
{
    "pk": 4, 
    "model": "Auctions.bid", 
    "fields": {
        "auction": 1, 
        "bid": "831", 
        "user": 16
    }
},
{
    "pk": 5, 
    "model": "Auctions.bid", 
    "fields": {
        "auction": 3, 
        "bid": "498", 
        "user": 2
    }
},
{
    "pk": 6, 
    "model": "Auctions.bid", 
    "fields": {
        "auction": 1, 
        "bid": "104", 
        "user": 18
    }
},
{
    "pk": 7, 
    "model": "Auctions.bid", 
    "fields": {
        "auction": 4, 
        "bid": "53", 
        "user": 3
    }
},
{
    "pk": 8, 
    "model": "Auctions.bid", 
    "fields": {
        "auction": 4, 
        "bid": "533", 
        "user": 34
    }
},
{
    "pk": 9, 
    "model": "Auctions.bid", 
    "fields": {
        "auction": 3, 
        "bid": "705", 
        "user": 35
    }
},
{
    "pk": 10, 
    "model": "Auctions.bid", 
    "fields": {
        "auction": 3, 
        "bid": "297", 
        "user": 7
    }
},
{
    "pk": 11, 
    "model": "Auctions.bid", 
    "fields": {
        "auction": 3, 
        "bid": "574", 
        "user": 5
    }
},
{
    "pk": 12, 
    "model": "Auctions.bid", 
    "fields": {
        "auction": 3, 
        "bid": "590", 
        "user": 10
    }
},
{
    "pk": 13, 
    "model": "Auctions.bid", 
    "fields": {
        "auction": 1, 
        "bid": "619", 
        "user": 7
    }
},
{
    "pk": 14, 
    "model": "Auctions.bid", 
    "fields": {
        "auction": 3, 
        "bid": "810", 
        "user": 41
    }
},
{
    "pk": 15, 
    "model": "Auctions.bid", 
    "fields": {
        "auction": 7, 
        "bid": "600", 
        "user": 15
    }
},
{
    "pk": 16, 
    "model": "Auctions.bid", 
    "fields": {
        "auction": 5, 
        "bid": "954", 
        "user": 11
    }
},
{
    "pk": 17, 
    "model": "Auctions.bid", 
    "fields": {
        "auction": 5, 
        "bid": "396", 
        "user": 27
    }
},
{
    "pk": 18, 
    "model": "Auctions.bid", 
    "fields": {
        "auction": 7, 
        "bid": "461", 
        "user": 14
    }
},
{
    "pk": 19, 
    "model": "Auctions.bid", 
    "fields": {
        "auction": 4, 
        "bid": "986", 
        "user": 25
    }
},
{
    "pk": 20, 
    "model": "Auctions.bid", 
    "fields": {
        "auction": 1, 
        "bid": "191", 
        "user": 12
    }
},
{
    "pk": 21, 
    "model": "Auctions.bid", 
    "fields": {
        "auction": 9, 
        "bid": "433", 
        "user": 26
    }
},
{
    "pk": 22, 
    "model": "Auctions.bid", 
    "fields": {
        "auction": 6, 
        "bid": "608", 
        "user": 29
    }
},
{
    "pk": 23, 
    "model": "Auctions.bid", 
    "fields": {
        "auction": 2, 
        "bid": "131", 
        "user": 50
    }
},
{
    "pk": 24, 
    "model": "Auctions.bid", 
    "fields": {
        "auction": 3, 
        "bid": "451", 
        "user": 19
    }
},
{
    "pk": 25, 
    "model": "Auctions.bid", 
    "fields": {
        "auction": 6, 
        "bid": "583", 
        "user": 18
    }
},
{
    "pk": 26, 
    "model": "Auctions.bid", 
    "fields": {
        "auction": 10, 
        "bid": "500", 
        "user": 45
    }
},
{
    "pk": 27, 
    "model": "Auctions.bid", 
    "fields": {
        "auction": 11, 
        "bid": "701", 
        "user": 24
    }
},
{
    "pk": 28, 
    "model": "Auctions.bid", 
    "fields": {
        "auction": 12, 
        "bid": "710", 
        "user": 22
    }
},
{
    "pk": 29, 
    "model": "Auctions.bid", 
    "fields": {
        "auction": 7, 
        "bid": "495", 
        "user": 25
    }
},
{
    "pk": 30, 
    "model": "Auctions.bid", 
    "fields": {
        "auction": 15, 
        "bid": "266", 
        "user": 19
    }
},
{
    "pk": 31, 
    "model": "Auctions.bid", 
    "fields": {
        "auction": 12, 
        "bid": "983", 
        "user": 18
    }
},
{
    "pk": 32, 
    "model": "Auctions.bid", 
    "fields": {
        "auction": 7, 
        "bid": "318", 
        "user": 20
    }
},
{
    "pk": 33, 
    "model": "Auctions.bid", 
    "fields": {
        "auction": 9, 
        "bid": "928", 
        "user": 32
    }
},
{
    "pk": 34, 
    "model": "Auctions.bid", 
    "fields": {
        "auction": 6, 
        "bid": "881", 
        "user": 11
    }
},
{
    "pk": 35, 
    "model": "Auctions.bid", 
    "fields": {
        "auction": 3, 
        "bid": "507", 
        "user": 42
    }
},
{
    "pk": 36, 
    "model": "Auctions.bid", 
    "fields": {
        "auction": 1, 
        "bid": "223", 
        "user": 25
    }
},
{
    "pk": 37, 
    "model": "Auctions.bid", 
    "fields": {
        "auction": 14, 
        "bid": "576", 
        "user": 16
    }
},
{
    "pk": 38, 
    "model": "Auctions.bid", 
    "fields": {
        "auction": 18, 
        "bid": "145", 
        "user": 36
    }
},
{
    "pk": 39, 
    "model": "Auctions.bid", 
    "fields": {
        "auction": 17, 
        "bid": "145", 
        "user": 6
    }
},
{
    "pk": 40, 
    "model": "Auctions.bid", 
    "fields": {
        "auction": 2, 
        "bid": "408", 
        "user": 33
    }
},
{
    "pk": 41, 
    "model": "Auctions.bid", 
    "fields": {
        "auction": 1, 
        "bid": "313", 
        "user": 22
    }
},
{
    "pk": 42, 
    "model": "Auctions.bid", 
    "fields": {
        "auction": 7, 
        "bid": "385", 
        "user": 8
    }
},
{
    "pk": 43, 
    "model": "Auctions.bid", 
    "fields": {
        "auction": 4, 
        "bid": "242", 
        "user": 18
    }
},
{
    "pk": 44, 
    "model": "Auctions.bid", 
    "fields": {
        "auction": 6, 
        "bid": "432", 
        "user": 27
    }
},
{
    "pk": 45, 
    "model": "Auctions.bid", 
    "fields": {
        "auction": 9, 
        "bid": "532", 
        "user": 13
    }
},
{
    "pk": 46, 
    "model": "Auctions.bid", 
    "fields": {
        "auction": 6, 
        "bid": "435", 
        "user": 34
    }
},
{
    "pk": 47, 
    "model": "Auctions.bid", 
    "fields": {
        "auction": 24, 
        "bid": "682", 
        "user": 44
    }
},
{
    "pk": 48, 
    "model": "Auctions.bid", 
    "fields": {
        "auction": 21, 
        "bid": "85", 
        "user": 41
    }
},
{
    "pk": 49, 
    "model": "Auctions.bid", 
    "fields": {
        "auction": 13, 
        "bid": "532", 
        "user": 13
    }
},
{
    "pk": 50, 
    "model": "Auctions.bid", 
    "fields": {
        "auction": 25, 
        "bid": "980", 
        "user": 3
    }
},
{
    "pk": 51, 
    "model": "Auctions.bid", 
    "fields": {
        "auction": 24, 
        "bid": "298", 
        "user": 14
    }
},
{
    "pk": 52, 
    "model": "Auctions.bid", 
    "fields": {
        "auction": 5, 
        "bid": "461", 
        "user": 8
    }
},
{
    "pk": 53, 
    "model": "Auctions.bid", 
    "fields": {
        "auction": 10, 
        "bid": "132", 
        "user": 30
    }
},
{
    "pk": 54, 
    "model": "Auctions.bid", 
    "fields": {
        "auction": 13, 
        "bid": "425", 
        "user": 50
    }
},
{
    "pk": 55, 
    "model": "Auctions.bid", 
    "fields": {
        "auction": 11, 
        "bid": "480", 
        "user": 49
    }
},
{
    "pk": 56, 
    "model": "Auctions.bid", 
    "fields": {
        "auction": 17, 
        "bid": "701", 
        "user": 21
    }
},
{
    "pk": 57, 
    "model": "Auctions.bid", 
    "fields": {
        "auction": 20, 
        "bid": "473", 
        "user": 28
    }
},
{
    "pk": 58, 
    "model": "Auctions.bid", 
    "fields": {
        "auction": 3, 
        "bid": "430", 
        "user": 42
    }
},
{
    "pk": 59, 
    "model": "Auctions.bid", 
    "fields": {
        "auction": 20, 
        "bid": "105", 
        "user": 44
    }
},
{
    "pk": 60, 
    "model": "Auctions.bid", 
    "fields": {
        "auction": 16, 
        "bid": "867", 
        "user": 47
    }
},
{
    "pk": 61, 
    "model": "Auctions.bid", 
    "fields": {
        "auction": 29, 
        "bid": "506", 
        "user": 22
    }
},
{
    "pk": 62, 
    "model": "Auctions.bid", 
    "fields": {
        "auction": 25, 
        "bid": "941", 
        "user": 28
    }
},
{
    "pk": 63, 
    "model": "Auctions.bid", 
    "fields": {
        "auction": 3, 
        "bid": "86", 
        "user": 45
    }
},
{
    "pk": 64, 
    "model": "Auctions.bid", 
    "fields": {
        "auction": 2, 
        "bid": "759", 
        "user": 44
    }
},
{
    "pk": 65, 
    "model": "Auctions.bid", 
    "fields": {
        "auction": 6, 
        "bid": "189", 
        "user": 11
    }
},
{
    "pk": 66, 
    "model": "Auctions.bid", 
    "fields": {
        "auction": 7, 
        "bid": "756", 
        "user": 4
    }
},
{
    "pk": 67, 
    "model": "Auctions.bid", 
    "fields": {
        "auction": 27, 
        "bid": "388", 
        "user": 19
    }
},
{
    "pk": 68, 
    "model": "Auctions.bid", 
    "fields": {
        "auction": 29, 
        "bid": "560", 
        "user": 49
    }
},
{
    "pk": 69, 
    "model": "Auctions.bid", 
    "fields": {
        "auction": 11, 
        "bid": "341", 
        "user": 41
    }
},
{
    "pk": 70, 
    "model": "Auctions.bid", 
    "fields": {
        "auction": 16, 
        "bid": "585", 
        "user": 47
    }
},
{
    "pk": 71, 
    "model": "Auctions.bid", 
    "fields": {
        "auction": 30, 
        "bid": "448", 
        "user": 40
    }
},
{
    "pk": 72, 
    "model": "Auctions.bid", 
    "fields": {
        "auction": 3, 
        "bid": "987", 
        "user": 23
    }
},
{
    "pk": 73, 
    "model": "Auctions.bid", 
    "fields": {
        "auction": 17, 
        "bid": "307", 
        "user": 47
    }
},
{
    "pk": 74, 
    "model": "Auctions.bid", 
    "fields": {
        "auction": 27, 
        "bid": "884", 
        "user": 7
    }
},
{
    "pk": 75, 
    "model": "Auctions.bid", 
    "fields": {
        "auction": 23, 
        "bid": "782", 
        "user": 42
    }
},
{
    "pk": 76, 
    "model": "Auctions.bid", 
    "fields": {
        "auction": 20, 
        "bid": "489", 
        "user": 22
    }
},
{
    "pk": 77, 
    "model": "Auctions.bid", 
    "fields": {
        "auction": 37, 
        "bid": "647", 
        "user": 23
    }
},
{
    "pk": 78, 
    "model": "Auctions.bid", 
    "fields": {
        "auction": 14, 
        "bid": "828", 
        "user": 44
    }
},
{
    "pk": 79, 
    "model": "Auctions.bid", 
    "fields": {
        "auction": 1, 
        "bid": "183", 
        "user": 20
    }
},
{
    "pk": 80, 
    "model": "Auctions.bid", 
    "fields": {
        "auction": 7, 
        "bid": "205", 
        "user": 49
    }
},
{
    "pk": 81, 
    "model": "Auctions.bid", 
    "fields": {
        "auction": 22, 
        "bid": "59", 
        "user": 42
    }
},
{
    "pk": 82, 
    "model": "Auctions.bid", 
    "fields": {
        "auction": 1, 
        "bid": "255", 
        "user": 13
    }
},
{
    "pk": 83, 
    "model": "Auctions.bid", 
    "fields": {
        "auction": 25, 
        "bid": "535", 
        "user": 5
    }
},
{
    "pk": 84, 
    "model": "Auctions.bid", 
    "fields": {
        "auction": 29, 
        "bid": "56", 
        "user": 24
    }
},
{
    "pk": 85, 
    "model": "Auctions.bid", 
    "fields": {
        "auction": 16, 
        "bid": "179", 
        "user": 29
    }
},
{
    "pk": 86, 
    "model": "Auctions.bid", 
    "fields": {
        "auction": 31, 
        "bid": "426", 
        "user": 18
    }
},
{
    "pk": 87, 
    "model": "Auctions.bid", 
    "fields": {
        "auction": 11, 
        "bid": "724", 
        "user": 18
    }
},
{
    "pk": 88, 
    "model": "Auctions.bid", 
    "fields": {
        "auction": 34, 
        "bid": "96", 
        "user": 23
    }
},
{
    "pk": 89, 
    "model": "Auctions.bid", 
    "fields": {
        "auction": 38, 
        "bid": "956", 
        "user": 39
    }
},
{
    "pk": 90, 
    "model": "Auctions.bid", 
    "fields": {
        "auction": 12, 
        "bid": "550", 
        "user": 13
    }
},
{
    "pk": 91, 
    "model": "Auctions.bid", 
    "fields": {
        "auction": 9, 
        "bid": "365", 
        "user": 48
    }
},
{
    "pk": 92, 
    "model": "Auctions.bid", 
    "fields": {
        "auction": 12, 
        "bid": "91", 
        "user": 48
    }
},
{
    "pk": 93, 
    "model": "Auctions.bid", 
    "fields": {
        "auction": 28, 
        "bid": "114", 
        "user": 45
    }
},
{
    "pk": 94, 
    "model": "Auctions.bid", 
    "fields": {
        "auction": 6, 
        "bid": "425", 
        "user": 20
    }
},
{
    "pk": 95, 
    "model": "Auctions.bid", 
    "fields": {
        "auction": 46, 
        "bid": "661", 
        "user": 18
    }
},
{
    "pk": 96, 
    "model": "Auctions.bid", 
    "fields": {
        "auction": 8, 
        "bid": "914", 
        "user": 48
    }
},
{
    "pk": 97, 
    "model": "Auctions.bid", 
    "fields": {
        "auction": 11, 
        "bid": "300", 
        "user": 36
    }
},
{
    "pk": 98, 
    "model": "Auctions.bid", 
    "fields": {
        "auction": 22, 
        "bid": "806", 
        "user": 6
    }
},
{
    "pk": 99, 
    "model": "Auctions.bid", 
    "fields": {
        "auction": 1, 
        "bid": "598", 
        "user": 11
    }
},
{
    "pk": 100, 
    "model": "Auctions.bid", 
    "fields": {
        "auction": 43, 
        "bid": "815", 
        "user": 40
    }
},
{
    "pk": 1, 
    "model": "Auctions.auction", 
    "fields": {
        "category": 9, 
        "status": 0, 
        "updated": "2013-02-16T18:38:36.640Z", 
        "description": "Description", 
        "created": "2013-02-16T18:38:36.640Z", 
        "banned": null, 
        "seller": 42, 
        "min_price": "50", 
        "deadline": "2013-02-17T18:38:36.633Z", 
        "name": "AuctionName1"
    }
},
{
    "pk": 2, 
    "model": "Auctions.auction", 
    "fields": {
        "category": 1, 
        "status": 0, 
        "updated": "2013-02-16T18:38:36.710Z", 
        "description": "Description", 
        "created": "2013-02-16T18:38:36.710Z", 
        "banned": null, 
        "seller": 36, 
        "min_price": "50", 
        "deadline": "2013-02-18T18:38:36.701Z", 
        "name": "AuctionName2"
    }
},
{
    "pk": 3, 
    "model": "Auctions.auction", 
    "fields": {
        "category": 4, 
        "status": 0, 
        "updated": "2013-02-16T18:38:36.767Z", 
        "description": "Description", 
        "created": "2013-02-16T18:38:36.767Z", 
        "banned": null, 
        "seller": 40, 
        "min_price": "50", 
        "deadline": "2013-02-20T18:38:36.761Z", 
        "name": "AuctionName3"
    }
},
{
    "pk": 4, 
    "model": "Auctions.auction", 
    "fields": {
        "category": 10, 
        "status": 0, 
        "updated": "2013-02-16T18:38:36.842Z", 
        "description": "Description", 
        "created": "2013-02-16T18:38:36.842Z", 
        "banned": null, 
        "seller": 5, 
        "min_price": "50", 
        "deadline": "2013-02-21T18:38:36.836Z", 
        "name": "AuctionName4"
    }
},
{
    "pk": 5, 
    "model": "Auctions.auction", 
    "fields": {
        "category": 5, 
        "status": 0, 
        "updated": "2013-02-16T18:38:36.907Z", 
        "description": "Description", 
        "created": "2013-02-16T18:38:36.907Z", 
        "banned": null, 
        "seller": 51, 
        "min_price": "50", 
        "deadline": "2013-02-20T18:38:36.899Z", 
        "name": "AuctionName5"
    }
},
{
    "pk": 6, 
    "model": "Auctions.auction", 
    "fields": {
        "category": 10, 
        "status": 0, 
        "updated": "2013-02-16T18:38:36.969Z", 
        "description": "Description", 
        "created": "2013-02-16T18:38:36.969Z", 
        "banned": null, 
        "seller": 19, 
        "min_price": "50", 
        "deadline": "2013-02-18T18:38:36.961Z", 
        "name": "AuctionName6"
    }
},
{
    "pk": 7, 
    "model": "Auctions.auction", 
    "fields": {
        "category": 8, 
        "status": 0, 
        "updated": "2013-02-16T18:38:37.029Z", 
        "description": "Description", 
        "created": "2013-02-16T18:38:37.029Z", 
        "banned": null, 
        "seller": 16, 
        "min_price": "50", 
        "deadline": "2013-02-20T18:38:37.020Z", 
        "name": "AuctionName7"
    }
},
{
    "pk": 8, 
    "model": "Auctions.auction", 
    "fields": {
        "category": 10, 
        "status": 0, 
        "updated": "2013-02-16T18:38:37.083Z", 
        "description": "Description", 
        "created": "2013-02-16T18:38:37.082Z", 
        "banned": null, 
        "seller": 7, 
        "min_price": "50", 
        "deadline": "2013-02-20T18:38:37.077Z", 
        "name": "AuctionName8"
    }
},
{
    "pk": 9, 
    "model": "Auctions.auction", 
    "fields": {
        "category": 5, 
        "status": 0, 
        "updated": "2013-02-16T18:38:37.137Z", 
        "description": "Description", 
        "created": "2013-02-16T18:38:37.137Z", 
        "banned": null, 
        "seller": 49, 
        "min_price": "50", 
        "deadline": "2013-02-19T18:38:37.131Z", 
        "name": "AuctionName9"
    }
},
{
    "pk": 10, 
    "model": "Auctions.auction", 
    "fields": {
        "category": 6, 
        "status": 0, 
        "updated": "2013-02-16T18:38:37.187Z", 
        "description": "Description", 
        "created": "2013-02-16T18:38:37.186Z", 
        "banned": null, 
        "seller": 23, 
        "min_price": "50", 
        "deadline": "2013-02-19T18:38:37.181Z", 
        "name": "AuctionName10"
    }
},
{
    "pk": 11, 
    "model": "Auctions.auction", 
    "fields": {
        "category": 2, 
        "status": 0, 
        "updated": "2013-02-16T18:38:37.249Z", 
        "description": "Description", 
        "created": "2013-02-16T18:38:37.249Z", 
        "banned": null, 
        "seller": 8, 
        "min_price": "50", 
        "deadline": "2013-02-17T18:38:37.243Z", 
        "name": "AuctionName11"
    }
},
{
    "pk": 12, 
    "model": "Auctions.auction", 
    "fields": {
        "category": 3, 
        "status": 0, 
        "updated": "2013-02-16T18:38:37.302Z", 
        "description": "Description", 
        "created": "2013-02-16T18:38:37.302Z", 
        "banned": null, 
        "seller": 37, 
        "min_price": "50", 
        "deadline": "2013-02-17T18:38:37.298Z", 
        "name": "AuctionName12"
    }
},
{
    "pk": 13, 
    "model": "Auctions.auction", 
    "fields": {
        "category": 7, 
        "status": 0, 
        "updated": "2013-02-16T18:38:37.361Z", 
        "description": "Description", 
        "created": "2013-02-16T18:38:37.361Z", 
        "banned": null, 
        "seller": 32, 
        "min_price": "50", 
        "deadline": "2013-02-17T18:38:37.355Z", 
        "name": "AuctionName13"
    }
},
{
    "pk": 14, 
    "model": "Auctions.auction", 
    "fields": {
        "category": 4, 
        "status": 0, 
        "updated": "2013-02-16T18:38:37.423Z", 
        "description": "Description", 
        "created": "2013-02-16T18:38:37.423Z", 
        "banned": null, 
        "seller": 18, 
        "min_price": "50", 
        "deadline": "2013-02-20T18:38:37.419Z", 
        "name": "AuctionName14"
    }
},
{
    "pk": 15, 
    "model": "Auctions.auction", 
    "fields": {
        "category": 2, 
        "status": 0, 
        "updated": "2013-02-16T18:38:37.482Z", 
        "description": "Description", 
        "created": "2013-02-16T18:38:37.482Z", 
        "banned": null, 
        "seller": 26, 
        "min_price": "50", 
        "deadline": "2013-02-20T18:38:37.477Z", 
        "name": "AuctionName15"
    }
},
{
    "pk": 16, 
    "model": "Auctions.auction", 
    "fields": {
        "category": 3, 
        "status": 0, 
        "updated": "2013-02-16T18:38:37.533Z", 
        "description": "Description", 
        "created": "2013-02-16T18:38:37.533Z", 
        "banned": null, 
        "seller": 6, 
        "min_price": "50", 
        "deadline": "2013-02-19T18:38:37.529Z", 
        "name": "AuctionName16"
    }
},
{
    "pk": 17, 
    "model": "Auctions.auction", 
    "fields": {
        "category": 6, 
        "status": 0, 
        "updated": "2013-02-16T18:38:37.598Z", 
        "description": "Description", 
        "created": "2013-02-16T18:38:37.598Z", 
        "banned": null, 
        "seller": 30, 
        "min_price": "50", 
        "deadline": "2013-02-20T18:38:37.588Z", 
        "name": "AuctionName17"
    }
},
{
    "pk": 18, 
    "model": "Auctions.auction", 
    "fields": {
        "category": 4, 
        "status": 0, 
        "updated": "2013-02-16T18:38:37.660Z", 
        "description": "Description", 
        "created": "2013-02-16T18:38:37.660Z", 
        "banned": null, 
        "seller": 21, 
        "min_price": "50", 
        "deadline": "2013-02-17T18:38:37.654Z", 
        "name": "AuctionName18"
    }
},
{
    "pk": 19, 
    "model": "Auctions.auction", 
    "fields": {
        "category": 5, 
        "status": 0, 
        "updated": "2013-02-16T18:38:37.715Z", 
        "description": "Description", 
        "created": "2013-02-16T18:38:37.715Z", 
        "banned": null, 
        "seller": 16, 
        "min_price": "50", 
        "deadline": "2013-02-21T18:38:37.708Z", 
        "name": "AuctionName19"
    }
},
{
    "pk": 20, 
    "model": "Auctions.auction", 
    "fields": {
        "category": 3, 
        "status": 0, 
        "updated": "2013-02-16T18:38:37.770Z", 
        "description": "Description", 
        "created": "2013-02-16T18:38:37.770Z", 
        "banned": null, 
        "seller": 43, 
        "min_price": "50", 
        "deadline": "2013-02-18T18:38:37.764Z", 
        "name": "AuctionName20"
    }
},
{
    "pk": 21, 
    "model": "Auctions.auction", 
    "fields": {
        "category": 4, 
        "status": 0, 
        "updated": "2013-02-16T18:38:37.842Z", 
        "description": "Description", 
        "created": "2013-02-16T18:38:37.842Z", 
        "banned": null, 
        "seller": 33, 
        "min_price": "50", 
        "deadline": "2013-02-20T18:38:37.836Z", 
        "name": "AuctionName21"
    }
},
{
    "pk": 22, 
    "model": "Auctions.auction", 
    "fields": {
        "category": 10, 
        "status": 0, 
        "updated": "2013-02-16T18:38:37.904Z", 
        "description": "Description", 
        "created": "2013-02-16T18:38:37.904Z", 
        "banned": null, 
        "seller": 4, 
        "min_price": "50", 
        "deadline": "2013-02-19T18:38:37.900Z", 
        "name": "AuctionName22"
    }
},
{
    "pk": 23, 
    "model": "Auctions.auction", 
    "fields": {
        "category": 9, 
        "status": 0, 
        "updated": "2013-02-16T18:38:37.960Z", 
        "description": "Description", 
        "created": "2013-02-16T18:38:37.960Z", 
        "banned": null, 
        "seller": 48, 
        "min_price": "50", 
        "deadline": "2013-02-16T18:38:37.954Z", 
        "name": "AuctionName23"
    }
},
{
    "pk": 24, 
    "model": "Auctions.auction", 
    "fields": {
        "category": 9, 
        "status": 0, 
        "updated": "2013-02-16T18:38:38.012Z", 
        "description": "Description", 
        "created": "2013-02-16T18:38:38.012Z", 
        "banned": null, 
        "seller": 25, 
        "min_price": "50", 
        "deadline": "2013-02-16T18:38:38.008Z", 
        "name": "AuctionName24"
    }
},
{
    "pk": 25, 
    "model": "Auctions.auction", 
    "fields": {
        "category": 3, 
        "status": 0, 
        "updated": "2013-02-16T18:38:38.062Z", 
        "description": "Description", 
        "created": "2013-02-16T18:38:38.062Z", 
        "banned": null, 
        "seller": 35, 
        "min_price": "50", 
        "deadline": "2013-02-18T18:38:38.056Z", 
        "name": "AuctionName25"
    }
},
{
    "pk": 26, 
    "model": "Auctions.auction", 
    "fields": {
        "category": 2, 
        "status": 0, 
        "updated": "2013-02-16T18:38:38.117Z", 
        "description": "Description", 
        "created": "2013-02-16T18:38:38.117Z", 
        "banned": null, 
        "seller": 6, 
        "min_price": "50", 
        "deadline": "2013-02-21T18:38:38.113Z", 
        "name": "AuctionName26"
    }
},
{
    "pk": 27, 
    "model": "Auctions.auction", 
    "fields": {
        "category": 3, 
        "status": 0, 
        "updated": "2013-02-16T18:38:38.173Z", 
        "description": "Description", 
        "created": "2013-02-16T18:38:38.173Z", 
        "banned": null, 
        "seller": 37, 
        "min_price": "50", 
        "deadline": "2013-02-20T18:38:38.168Z", 
        "name": "AuctionName27"
    }
},
{
    "pk": 28, 
    "model": "Auctions.auction", 
    "fields": {
        "category": 2, 
        "status": 0, 
        "updated": "2013-02-16T18:38:38.230Z", 
        "description": "Description", 
        "created": "2013-02-16T18:38:38.229Z", 
        "banned": null, 
        "seller": 38, 
        "min_price": "50", 
        "deadline": "2013-02-16T18:38:38.223Z", 
        "name": "AuctionName28"
    }
},
{
    "pk": 29, 
    "model": "Auctions.auction", 
    "fields": {
        "category": 9, 
        "status": 0, 
        "updated": "2013-02-16T18:38:38.286Z", 
        "description": "Description", 
        "created": "2013-02-16T18:38:38.286Z", 
        "banned": null, 
        "seller": 15, 
        "min_price": "50", 
        "deadline": "2013-02-19T18:38:38.280Z", 
        "name": "AuctionName29"
    }
},
{
    "pk": 30, 
    "model": "Auctions.auction", 
    "fields": {
        "category": 6, 
        "status": 0, 
        "updated": "2013-02-16T18:38:38.355Z", 
        "description": "Description", 
        "created": "2013-02-16T18:38:38.355Z", 
        "banned": null, 
        "seller": 5, 
        "min_price": "50", 
        "deadline": "2013-02-19T18:38:38.349Z", 
        "name": "AuctionName30"
    }
},
{
    "pk": 31, 
    "model": "Auctions.auction", 
    "fields": {
        "category": 4, 
        "status": 0, 
        "updated": "2013-02-16T18:38:38.420Z", 
        "description": "Description", 
        "created": "2013-02-16T18:38:38.420Z", 
        "banned": null, 
        "seller": 7, 
        "min_price": "50", 
        "deadline": "2013-02-18T18:38:38.414Z", 
        "name": "AuctionName31"
    }
},
{
    "pk": 32, 
    "model": "Auctions.auction", 
    "fields": {
        "category": 7, 
        "status": 0, 
        "updated": "2013-02-16T18:38:38.474Z", 
        "description": "Description", 
        "created": "2013-02-16T18:38:38.473Z", 
        "banned": null, 
        "seller": 20, 
        "min_price": "50", 
        "deadline": "2013-02-17T18:38:38.469Z", 
        "name": "AuctionName32"
    }
},
{
    "pk": 33, 
    "model": "Auctions.auction", 
    "fields": {
        "category": 5, 
        "status": 0, 
        "updated": "2013-02-16T18:38:38.539Z", 
        "description": "Description", 
        "created": "2013-02-16T18:38:38.539Z", 
        "banned": null, 
        "seller": 31, 
        "min_price": "50", 
        "deadline": "2013-02-18T18:38:38.529Z", 
        "name": "AuctionName33"
    }
},
{
    "pk": 34, 
    "model": "Auctions.auction", 
    "fields": {
        "category": 2, 
        "status": 0, 
        "updated": "2013-02-16T18:38:38.595Z", 
        "description": "Description", 
        "created": "2013-02-16T18:38:38.595Z", 
        "banned": null, 
        "seller": 48, 
        "min_price": "50", 
        "deadline": "2013-02-21T18:38:38.590Z", 
        "name": "AuctionName34"
    }
},
{
    "pk": 35, 
    "model": "Auctions.auction", 
    "fields": {
        "category": 3, 
        "status": 0, 
        "updated": "2013-02-16T18:38:38.651Z", 
        "description": "Description", 
        "created": "2013-02-16T18:38:38.651Z", 
        "banned": null, 
        "seller": 20, 
        "min_price": "50", 
        "deadline": "2013-02-21T18:38:38.646Z", 
        "name": "AuctionName35"
    }
},
{
    "pk": 36, 
    "model": "Auctions.auction", 
    "fields": {
        "category": 4, 
        "status": 0, 
        "updated": "2013-02-16T18:38:38.710Z", 
        "description": "Description", 
        "created": "2013-02-16T18:38:38.710Z", 
        "banned": null, 
        "seller": 4, 
        "min_price": "50", 
        "deadline": "2013-02-17T18:38:38.703Z", 
        "name": "AuctionName36"
    }
},
{
    "pk": 37, 
    "model": "Auctions.auction", 
    "fields": {
        "category": 6, 
        "status": 0, 
        "updated": "2013-02-16T18:38:38.779Z", 
        "description": "Description", 
        "created": "2013-02-16T18:38:38.778Z", 
        "banned": null, 
        "seller": 7, 
        "min_price": "50", 
        "deadline": "2013-02-20T18:38:38.769Z", 
        "name": "AuctionName37"
    }
},
{
    "pk": 38, 
    "model": "Auctions.auction", 
    "fields": {
        "category": 6, 
        "status": 0, 
        "updated": "2013-02-16T18:38:38.846Z", 
        "description": "Description", 
        "created": "2013-02-16T18:38:38.845Z", 
        "banned": null, 
        "seller": 4, 
        "min_price": "50", 
        "deadline": "2013-02-17T18:38:38.835Z", 
        "name": "AuctionName38"
    }
},
{
    "pk": 39, 
    "model": "Auctions.auction", 
    "fields": {
        "category": 8, 
        "status": 0, 
        "updated": "2013-02-16T18:38:38.919Z", 
        "description": "Description", 
        "created": "2013-02-16T18:38:38.919Z", 
        "banned": null, 
        "seller": 32, 
        "min_price": "50", 
        "deadline": "2013-02-16T18:38:38.909Z", 
        "name": "AuctionName39"
    }
},
{
    "pk": 40, 
    "model": "Auctions.auction", 
    "fields": {
        "category": 3, 
        "status": 0, 
        "updated": "2013-02-16T18:38:38.983Z", 
        "description": "Description", 
        "created": "2013-02-16T18:38:38.982Z", 
        "banned": null, 
        "seller": 2, 
        "min_price": "50", 
        "deadline": "2013-02-19T18:38:38.978Z", 
        "name": "AuctionName40"
    }
},
{
    "pk": 41, 
    "model": "Auctions.auction", 
    "fields": {
        "category": 9, 
        "status": 0, 
        "updated": "2013-02-16T18:38:39.036Z", 
        "description": "Description", 
        "created": "2013-02-16T18:38:39.035Z", 
        "banned": null, 
        "seller": 17, 
        "min_price": "50", 
        "deadline": "2013-02-20T18:38:39.028Z", 
        "name": "AuctionName41"
    }
},
{
    "pk": 42, 
    "model": "Auctions.auction", 
    "fields": {
        "category": 8, 
        "status": 0, 
        "updated": "2013-02-16T18:38:39.101Z", 
        "description": "Description", 
        "created": "2013-02-16T18:38:39.101Z", 
        "banned": null, 
        "seller": 23, 
        "min_price": "50", 
        "deadline": "2013-02-16T18:38:39.095Z", 
        "name": "AuctionName42"
    }
},
{
    "pk": 43, 
    "model": "Auctions.auction", 
    "fields": {
        "category": 6, 
        "status": 0, 
        "updated": "2013-02-16T18:38:39.160Z", 
        "description": "Description", 
        "created": "2013-02-16T18:38:39.160Z", 
        "banned": null, 
        "seller": 43, 
        "min_price": "50", 
        "deadline": "2013-02-17T18:38:39.154Z", 
        "name": "AuctionName43"
    }
},
{
    "pk": 44, 
    "model": "Auctions.auction", 
    "fields": {
        "category": 8, 
        "status": 0, 
        "updated": "2013-02-16T18:38:39.209Z", 
        "description": "Description", 
        "created": "2013-02-16T18:38:39.208Z", 
        "banned": null, 
        "seller": 3, 
        "min_price": "50", 
        "deadline": "2013-02-20T18:38:39.204Z", 
        "name": "AuctionName44"
    }
},
{
    "pk": 45, 
    "model": "Auctions.auction", 
    "fields": {
        "category": 1, 
        "status": 0, 
        "updated": "2013-02-16T18:38:39.264Z", 
        "description": "Description", 
        "created": "2013-02-16T18:38:39.263Z", 
        "banned": null, 
        "seller": 32, 
        "min_price": "50", 
        "deadline": "2013-02-18T18:38:39.257Z", 
        "name": "AuctionName45"
    }
},
{
    "pk": 46, 
    "model": "Auctions.auction", 
    "fields": {
        "category": 3, 
        "status": 0, 
        "updated": "2013-02-16T18:38:39.316Z", 
        "description": "Description", 
        "created": "2013-02-16T18:38:39.316Z", 
        "banned": null, 
        "seller": 39, 
        "min_price": "50", 
        "deadline": "2013-02-21T18:38:39.311Z", 
        "name": "AuctionName46"
    }
},
{
    "pk": 47, 
    "model": "Auctions.auction", 
    "fields": {
        "category": 2, 
        "status": 0, 
        "updated": "2013-02-16T18:38:39.370Z", 
        "description": "Description", 
        "created": "2013-02-16T18:38:39.370Z", 
        "banned": null, 
        "seller": 6, 
        "min_price": "50", 
        "deadline": "2013-02-21T18:38:39.364Z", 
        "name": "AuctionName47"
    }
},
{
    "pk": 48, 
    "model": "Auctions.auction", 
    "fields": {
        "category": 9, 
        "status": 0, 
        "updated": "2013-02-16T18:38:39.431Z", 
        "description": "Description", 
        "created": "2013-02-16T18:38:39.431Z", 
        "banned": null, 
        "seller": 24, 
        "min_price": "50", 
        "deadline": "2013-02-17T18:38:39.424Z", 
        "name": "AuctionName48"
    }
},
{
    "pk": 49, 
    "model": "Auctions.auction", 
    "fields": {
        "category": 2, 
        "status": 0, 
        "updated": "2013-02-16T18:38:39.486Z", 
        "description": "Description", 
        "created": "2013-02-16T18:38:39.486Z", 
        "banned": null, 
        "seller": 38, 
        "min_price": "50", 
        "deadline": "2013-02-21T18:38:39.480Z", 
        "name": "AuctionName49"
    }
},
{
    "pk": 50, 
    "model": "Auctions.auction", 
    "fields": {
        "category": 6, 
        "status": 0, 
        "updated": "2013-02-16T18:38:39.544Z", 
        "description": "Description", 
        "created": "2013-02-16T18:38:39.544Z", 
        "banned": null, 
        "seller": 4, 
        "min_price": "50", 
        "deadline": "2013-02-21T18:38:39.535Z", 
        "name": "AuctionName50"
    }
}
]
